Section,Item,Wiki,How it's obtained,Brynmoor,Temple Woods,Bramblemead Valley,Whispering Swamp,Ghornfell,Fractured Plains,Bloodblight Swamp,Stormtouched Highlands,Fellhollow,Bleakfields Valley,Forgotten Temple,Dragon's Run,Emberwood,Witchwillow Range,Hope's Fall,Lake of Lost Souls,Silverthorn Keep,Coalridge Pass,Dowdun Reach,The Approach,The Courtyard,The Nexus,The Library,The Grand Hall,The Garrison,The Pastures,The Menagerie,The Bastion,Umbral Sands,Alcarrid Oasis,Dunes of Uzzer,Manafem Plains,The Burning Spire,Ashenfall (whole world),Notes
Metal-tier names — 7,Bronze Salvage Pile,https://dragonwilds.runescape.wiki/w/Bronze_Salvage_Pile,looted from metal salvage hotspots,,,,,,,,,,,,,,,,,,,x,,,,,,,,,,,,,,,,
Metal-tier names — 7,Iron Salvage Pile,https://dragonwilds.runescape.wiki/w/Iron_Salvage_Pile,looted from metal salvage hotspots,,,,,,,,,,,,,,,,,,,x,,,,,,,,,,,,,,,,
Metal-tier names — 7,Steel Salvage Pile,https://dragonwilds.runescape.wiki/w/Steel_Salvage_Pile,looted from metal salvage hotspots,,,,,,,,,,,,,,,,,,,x,,,,,,,,,,,,,,,,
Metal-tier names — 7,Silver Salvage Pile,https://dragonwilds.runescape.wiki/w/Silver_Salvage_Pile,looted from metal salvage hotspots,,,,,,,,,,,,,,,,,,,x,,,,,,,,,,,,,,,,
Metal-tier names — 7,Gold Salvage Pile,https://dragonwilds.runescape.wiki/w/Gold_Salvage_Pile,looted from metal salvage hotspots,,,,,,,,,,,,,,,,,,,x,,,,,,,,,,,,,,,,
Metal-tier names — 7,Mithril Salvage Pile,https://dragonwilds.runescape.wiki/w/Mithril_Salvage_Pile,looted from metal salvage hotspots,,,,,,,,,,,,,,,,,,,x,,,,,,,,,,,,,,,,
Raw gatherables — 16,Antler,https://dragonwilds.runescape.wiki/w/Antler,Deer,x,x,x,,x,x,x,x,,,,,,,,,,,,,,,,,,,,,,,,,,,
Raw gatherables — 16,Cactus Steak,https://dragonwilds.runescape.wiki/w/Cactus_Steak,bunny cactus or pipe cactus,,,,,,,,,,,,,,,,,,,,,,,,,,,,,,,,,,,
Raw gatherables — 16,Irit,https://dragonwilds.runescape.wiki/w/Irit,unknown — please say how you got it,,,,,,,,,,,,,,,,,,,,,,,,,,,,,,,,,,,
Raw gatherables — 16,Hollow Bark,https://dragonwilds.runescape.wiki/w/Hollow_Bark,unknown — please say how you got it,,,,,,,,,,,,,,,,,,,,,,,,,,,,,,,,,,,
Raw gatherables — 16,Marrentill,—,unknown — please say how you got it,,,,,,,,,,,,,,,,,,,,,,,,,,,,,,,,,,,
Raw gatherables — 16,Berry Compote,https://dragonwilds.runescape.wiki/w/Berry_Compote,unknown — please say how you got it,,,,,,,,,,,,,,,,,,,,,,,,,,,,,,,,,,,
Raw gatherables — 16,Bird Nest,https://dragonwilds.runescape.wiki/w/Bird_Nest,unknown — please say how you got it,,,,,,,,,,,,,,,,,,,,,,,,,,,,,,,,,,,
Raw gatherables — 16,Desert Weed (plant),https://dragonwilds.runescape.wiki/w/Desert_Weed_(plant,unknown — please say how you got it,,,,,,,,,,,,,,,,,,,,,,,,,,,,,,,,,,,
Raw gatherables — 16,Divine Cabbage,https://dragonwilds.runescape.wiki/w/Divine_Cabbage,unknown — please say how you got it,,,,,,,,,,,,,,,,,,,,,,,,,,,,,,,,,,,
Raw gatherables — 16,Dwellberry Glazed Roast Meat,https://dragonwilds.runescape.wiki/w/Dwellberry_Glazed_Roast_Meat,unknown — please say how you got it,,,,,,,,,,,,,,,,,,,,,,,,,,,,,,,,,,,
Raw gatherables — 16,Empty Vial,https://dragonwilds.runescape.wiki/w/Empty_Vial,unknown — please say how you got it,,,,,,,,,,,,,,,,,,,,,,,,,,,,,,,,,,,
Raw gatherables — 16,Kalphite Egg,https://dragonwilds.runescape.wiki/w/Kalphite_Egg,unknown — please say how you got it,,,,,,,,,,,,,,,,,,,,,,,,,,,,,,,,,,,
Raw gatherables — 16,Pumpkin (plant),https://dragonwilds.runescape.wiki/w/Pumpkin_(plant,unknown — please say how you got it,,,,,,,,,,,,,,,,,,,,,,,,,,,,,,,,,,,
Raw gatherables — 16,Twilight Lily,https://dragonwilds.runescape.wiki/w/Twilight_Lily,unknown — please say how you got it,,,,,,,,,,,,,,,,,,,,,,,,,,,,,,,,,,,
Raw gatherables — 16,Vial,https://dragonwilds.runescape.wiki/w/Vial,unknown — please say how you got it,,,,,,,,,,,,,,,,,,,,,,,,,,,,,,,,,,,
Raw gatherables — 16,Vine Root,https://dragonwilds.runescape.wiki/w/Vine_Root,unknown — please say how you got it,,,,,,,,,,,,,,,,,,,,,,,,,,,,,,,,,,,
Materials — 37,Animal Bone,https://dragonwilds.runescape.wiki/w/Animal_Bone,unknown — please say how you got it,,,,,,,,,,,,,,,,,,,,,,,,,,,,,,,,,,,
Materials — 37,Feathers,https://dragonwilds.runescape.wiki/w/Feathers,unknown — please say how you got it,,,,,,,,,,,,,,,,,,,,,,,,,,,,,,,,,,,
Materials — 37,Black Metal Scraps,https://dragonwilds.runescape.wiki/w/Black_Metal_Scraps,unknown — please say how you got it,,,,,,,,,,,,,,,,,,,,,,,,,,,,,,,,,,,
Materials — 37,Black Salvage Pile,https://dragonwilds.runescape.wiki/w/Black_Salvage_Pile,unknown — please say how you got it,,,,,,,,,,,,,,,,,,,,,,,,,,,,,,,,,,,
Materials — 37,Dire Wolf Hide,https://dragonwilds.runescape.wiki/w/Dire_Wolf_Hide,unknown — please say how you got it,,,,,,,,,,,,,,,,,,,,,,,,,,,,,,,,,,,
Materials — 37,Undead Bone,https://dragonwilds.runescape.wiki/w/Undead_Bone,unknown — please say how you got it,,,,,,,,,,,,,,,,,,,,,,,,,,,,,,,,,,,
Materials — 37,Warped Feathers,https://dragonwilds.runescape.wiki/w/Warped_Feathers,unknown — please say how you got it,,,,,,,,,,,,,,,,,,,,,,,,,,,,,,,,,,,
Materials — 37,Amylase Crystal,https://dragonwilds.runescape.wiki/w/Amylase_Crystal,unknown — please say how you got it,,,,,,,,,,,,,,,,,,,,,,,,,,,,,,,,,,,
Materials — 37,Ascension Shard (Power Level 4),—,unknown — please say how you got it,,,,,,,,,,,,,,,,,,,,,,,,,,,,,,,,,,,
Materials — 37,Ascension Shard (Power Level 5),—,unknown — please say how you got it,,,,,,,,,,,,,,,,,,,,,,,,,,,,,,,,,,,
Materials — 37,Ascension Shard (Power Level 6),—,unknown — please say how you got it,,,,,,,,,,,,,,,,,,,,,,,,,,,,,,,,,,,
Materials — 37,Ascension Shard (Power Level 7),—,unknown — please say how you got it,,,,,,,,,,,,,,,,,,,,,,,,,,,,,,,,,,,
Materials — 37,Blue  Dragon Leather,—,unknown — please say how you got it,,,,,,,,,,,,,,,,,,,,,,,,,,,,,,,,,,,
Materials — 37,Blue Dragon Scale,https://dragonwilds.runescape.wiki/w/Blue_Dragon_Scale,unknown — please say how you got it,,,,,,,,,,,,,,,,,,,,,,,,,,,,,,,,,,,
Materials — 37,Corpse Cotton,https://dragonwilds.runescape.wiki/w/Corpse_Cotton,unknown — please say how you got it,,,,,,,,,,,,,,,,,,,,,,,,,,,,,,,,,,,
Materials — 37,Cursed Essence,https://dragonwilds.runescape.wiki/w/Cursed_Essence,unknown — please say how you got it,,,,,,,,,,,,,,,,,,,,,,,,,,,,,,,,,,,
Materials — 37,Draconic Leather Scraps,https://dragonwilds.runescape.wiki/w/Draconic_Leather_Scraps,unknown — please say how you got it,,,,,,,,,,,,,,,,,,,,,,,,,,,,,,,,,,,
Materials — 37,Dragonwolf Hide,https://dragonwilds.runescape.wiki/w/Dragonwolf_Hide,unknown — please say how you got it,,,,,,,,,,,,,,,,,,,,,,,,,,,,,,,,,,,
Materials — 37,Garou Artifact,https://dragonwilds.runescape.wiki/w/Garou_Artifact,unknown — please say how you got it,,,,,,,,,,,,,,,,,,,,,,,,,,,,,,,,,,,
Materials — 37,Hard Leather Scraps,https://dragonwilds.runescape.wiki/w/Hard_Leather_Scraps,unknown — please say how you got it,,,,,,,,,,,,,,,,,,,,,,,,,,,,,,,,,,,
Materials — 37,Mystic Fibres,https://dragonwilds.runescape.wiki/w/Mystic_Fibres,unknown — please say how you got it,,,,,,,,,,,,,,,,,,,,,,,,,,,,,,,,,,,
Materials — 37,Noxious Draconic Visage,https://dragonwilds.runescape.wiki/w/Noxious_Draconic_Visage,unknown — please say how you got it,,,,,,,,,,,,,,,,,,,,,,,,,,,,,,,,,,,
Materials — 37,Vile Ashes,https://dragonwilds.runescape.wiki/w/Vile_Ashes,unknown — please say how you got it,,,,,,,,,,,,,,,,,,,,,,,,,,,,,,,,,,,
Materials — 37,Withered Heart,https://dragonwilds.runescape.wiki/w/Withered_Heart,unknown — please say how you got it,,,,,,,,,,,,,,,,,,,,,,,,,,,,,,,,,,,
Materials — 37,Abyssal Ashes,https://dragonwilds.runescape.wiki/w/Abyssal_Ashes,unknown — please say how you got it,,,,,,,,,,,,,,,,,,,,,,,,,,,,,,,,,,,
Materials — 37,Anima Vent,https://dragonwilds.runescape.wiki/w/Anima_Vent,unknown — please say how you got it,,,,,,,,,,,,,,,,,,,,,,,,,,,,,,,,,,,
Materials — 37,Ascension Shard,https://dragonwilds.runescape.wiki/w/Ascension_Shard,unknown — please say how you got it,,,,,,,,,,,,,,,,,,,,,,,,,,,,,,,,,,,
Materials — 37,Doric's Smithing Supplies,https://dragonwilds.runescape.wiki/w/Doric's_Smithing_Supplies,unknown — please say how you got it,,,,,,,,,,,,,,,,,,,,,,,,,,,,,,,,,,,
Materials — 37,Doric's Superior Smithing Supplies,https://dragonwilds.runescape.wiki/w/Doric's_Superior_Smithing_Supplies,unknown — please say how you got it,,,,,,,,,,,,,,,,,,,,,,,,,,,,,,,,,,,
Materials — 37,Emerald,https://dragonwilds.runescape.wiki/w/Emerald,unknown — please say how you got it,,,,,,,,,,,,,,,,,,,,,,,,,,,,,,,,,,,
Materials — 37,Fuel Briquette,https://dragonwilds.runescape.wiki/w/Fuel_Briquette,unknown — please say how you got it,,,,,,,,,,,,,,,,,,,,,,,,,,,,,,,,,,,
Materials — 37,Garou Chit,https://dragonwilds.runescape.wiki/w/Garou_Chit,unknown — please say how you got it,,,,,,,,,,,,,,,,,,,,,,,,,,,,,,,,,,,
Materials — 37,Monstrous Fang,https://dragonwilds.runescape.wiki/w/Monstrous_Fang,unknown — please say how you got it,,,,,,,,,,,,,,,,,,,,,,,,,,,,,,,,,,,
Materials — 37,Rune Essence Geyser,https://dragonwilds.runescape.wiki/w/Rune_Essence_Geyser,unknown — please say how you got it,,,,,,,,,,,,,,,,,,,,,,,,,,,,,,,,,,,
Materials — 37,Sapphire Emblem,https://dragonwilds.runescape.wiki/w/Sapphire_Emblem,unknown — please say how you got it,,,,,,,,,,,,,,,,,,,,,,,,,,,,,,,,,,,
Materials — 37,Soda Ash,https://dragonwilds.runescape.wiki/w/Soda_Ash,unknown — please say how you got it,,,,,,,,,,,,,,,,,,,,,,,,,,,,,,,,,,,
Materials — 37,Unholy Water,https://dragonwilds.runescape.wiki/w/Unholy_Water,unknown — please say how you got it,,,,,,,,,,,,,,,,,,,,,,,,,,,,,,,,,,,
Monster-drops — 19,Goblin Pack,https://dragonwilds.runescape.wiki/w/Goblin_Pack,unknown — please say how you got it,,,,,,,,,,,,,,,,,,,,,,,,,,,,,,,,,,,
Monster-drops — 19,Kalphite Ichor,https://dragonwilds.runescape.wiki/w/Kalphite_Ichor,unknown — please say how you got it,,,,,,,,,,,,,,,,,,,,,,,,,,,,,,,,,,,
Monster-drops — 19,Kalphite Shell Fragments,https://dragonwilds.runescape.wiki/w/Kalphite_Shell_Fragments,unknown — please say how you got it,,,,,,,,,,,,,,,,,,,,,,,,,,,,,,,,,,,
Monster-drops — 19,Poison Ichor,https://dragonwilds.runescape.wiki/w/Poison_Ichor,unknown — please say how you got it,,,,,,,,,,,,,,,,,,,,,,,,,,,,,,,,,,,
Monster-drops — 19,Zombie Pack,https://dragonwilds.runescape.wiki/w/Zombie_Pack,unknown — please say how you got it,,,,,,,,,,,,,,,,,,,,,,,,,,,,,,,,,,,
Monster-drops — 19,Ash Pile,https://dragonwilds.runescape.wiki/w/Ash_Pile,unknown — please say how you got it,,,,,,,,,,,,,,,,,,,,,,,,,,,,,,,,,,,
Monster-drops — 19,Curse Fragment (Despair),https://dragonwilds.runescape.wiki/w/Curse_Fragment_(Despair,unknown — please say how you got it,,,,,,,,,,,,,,,,,,,,,,,,,,,,,,,,,,,
Monster-drops — 19,Curse Fragment (Grief),https://dragonwilds.runescape.wiki/w/Curse_Fragment_(Grief,unknown — please say how you got it,,,,,,,,,,,,,,,,,,,,,,,,,,,,,,,,,,,
Monster-drops — 19,Dragon Blood,https://dragonwilds.runescape.wiki/w/Dragon_Blood,dropped by dragon wolves and dragons,,,,,,,,,x,,,x,x,,x,,x,,x,,,,,,,,,,x,,,,,,
Monster-drops — 19,Fang Barbed Arrow,https://dragonwilds.runescape.wiki/w/Fang_Barbed_Arrow,unknown — please say how you got it,,,,,,,,,,,,,,,,,,,,,,,,,,,,,,,,,,,
Monster-drops — 19,Fang Fire Arrow,https://dragonwilds.runescape.wiki/w/Fang_Fire_Arrow,unknown — please say how you got it,,,,,,,,,,,,,,,,,,,,,,,,,,,,,,,,,,,
Monster-drops — 19,Food & Drink Salvage,https://dragonwilds.runescape.wiki/w/Food_%26_Drink_Salvage,unknown — please say how you got it,,,,,,,,,,,,,,,,,,,,,,,,,,,,,,,,,,,
Monster-drops — 19,Garou Pack,https://dragonwilds.runescape.wiki/w/Garou_Pack,unknown — please say how you got it,,,,,,,,,,,,,,,,,,,,,,,,,,,,,,,,,,,
Monster-drops — 19,Kot Pack,https://dragonwilds.runescape.wiki/w/Kot_Pack,unknown — please say how you got it,,,,,,,,,,,,,,,,,,,,,,,,,,,,,,,,,,,
Monster-drops — 19,Moon Garou Pack,https://dragonwilds.runescape.wiki/w/Moon_Garou_Pack,unknown — please say how you got it,,,,,,,,,,,,,,,,,,,,,,,,,,,,,,,,,,,
Monster-drops — 19,Skeleton Pack,https://dragonwilds.runescape.wiki/w/Skeleton_Pack,unknown — please say how you got it,,,,,,,,,,,,,,,,,,,,,,,,,,,,,,,,,,,
Monster-drops — 19,Small Ash Pile,https://dragonwilds.runescape.wiki/w/Small_Ash_Pile,unknown — please say how you got it,,,,,,,,,,,,,,,,,,,,,,,,,,,,,,,,,,,
Monster-drops — 19,Zamorakian Mage Pack,https://dragonwilds.runescape.wiki/w/Zamorakian_Mage_Pack,unknown — please say how you got it,,,,,,,,,,,,,,,,,,,,,,,,,,,,,,,,,,,
Monster-drops — 19,Zamorakian Warrior Pack,https://dragonwilds.runescape.wiki/w/Zamorakian_Warrior_Pack,unknown — please say how you got it,,,,,,,,,,,,,,,,,,,,,,,,,,,,,,,,,,,
Monster-drops — 19,Zogre Pack,https://dragonwilds.runescape.wiki/w/Zogre_Pack,unknown — please say how you got it,,,,,,,,,,,,,,,,,,,,,,,,,,,,,,,,,,,
"Usables (potions, food, gear…) — 30",Cactus Water,https://dragonwilds.runescape.wiki/w/Cactus_Water,unknown — please say how you got it,,,,,,,,,,,,,,,,,,,,,,,,,,,,,,,,,,,
"Usables (potions, food, gear…) — 30",Peach,https://dragonwilds.runescape.wiki/w/Peach,unknown — please say how you got it,,,,,,,,,,,,,,,,,,,,,,,,,,,,,,,,,,,
"Usables (potions, food, gear…) — 30",Ancestral Robe Legs,https://dragonwilds.runescape.wiki/w/Ancestral_Robe_Legs,unknown — please say how you got it,,,,,,,,,,,,,,,,,,,,,,,,,,,,,,,,,,,
"Usables (potions, food, gear…) — 30",Corroded Jewellery,https://dragonwilds.runescape.wiki/w/Corroded_Jewellery,unknown — please say how you got it,,,,,,,,,,,,,,,,,,,,,,,,,,,,,,,,,,,
"Usables (potions, food, gear…) — 30",Dragon Crossbow,https://dragonwilds.runescape.wiki/w/Dragon_Crossbow,unknown — please say how you got it,,,,,,,,,,,,,,,,,,,,,,,,,,,,,,,,,,,
"Usables (potions, food, gear…) — 30",Dragon Full Helm,https://dragonwilds.runescape.wiki/w/Dragon_Full_Helm,unknown — please say how you got it,,,,,,,,,,,,,,,,,,,,,,,,,,,,,,,,,,,
"Usables (potions, food, gear…) — 30",Dragon Kiteshield,https://dragonwilds.runescape.wiki/w/Dragon_Kiteshield,unknown — please say how you got it,,,,,,,,,,,,,,,,,,,,,,,,,,,,,,,,,,,
"Usables (potions, food, gear…) — 30",Dragon Med Helm,https://dragonwilds.runescape.wiki/w/Dragon_Med_Helm,unknown — please say how you got it,,,,,,,,,,,,,,,,,,,,,,,,,,,,,,,,,,,
"Usables (potions, food, gear…) — 30",Dragon Platelegs,https://dragonwilds.runescape.wiki/w/Dragon_Platelegs,unknown — please say how you got it,,,,,,,,,,,,,,,,,,,,,,,,,,,,,,,,,,,
"Usables (potions, food, gear…) — 30",Dragon Scimitar,https://dragonwilds.runescape.wiki/w/Dragon_Scimitar,unknown — please say how you got it,,,,,,,,,,,,,,,,,,,,,,,,,,,,,,,,,,,
"Usables (potions, food, gear…) — 30",Dwellberry Glazed Roast Flank,https://dragonwilds.runescape.wiki/w/Dwellberry_Glazed_Roast_Flank,unknown — please say how you got it,,,,,,,,,,,,,,,,,,,,,,,,,,,,,,,,,,,
"Usables (potions, food, gear…) — 30",Fortifying Crunchies,https://dragonwilds.runescape.wiki/w/Fortifying_Crunchies,unknown — please say how you got it,,,,,,,,,,,,,,,,,,,,,,,,,,,,,,,,,,,
"Usables (potions, food, gear…) — 30",Fortifying Soup,https://dragonwilds.runescape.wiki/w/Fortifying_Soup,unknown — please say how you got it,,,,,,,,,,,,,,,,,,,,,,,,,,,,,,,,,,,
"Usables (potions, food, gear…) — 30",Fortifying Stew,https://dragonwilds.runescape.wiki/w/Fortifying_Stew,unknown — please say how you got it,,,,,,,,,,,,,,,,,,,,,,,,,,,,,,,,,,,
"Usables (potions, food, gear…) — 30",Healing Potion,https://dragonwilds.runescape.wiki/w/Healing_Potion,unknown — please say how you got it,,,,,,,,,,,,,,,,,,,,,,,,,,,,,,,,,,,
"Usables (potions, food, gear…) — 30",Hearty Crunchies,https://dragonwilds.runescape.wiki/w/Hearty_Crunchies,unknown — please say how you got it,,,,,,,,,,,,,,,,,,,,,,,,,,,,,,,,,,,
"Usables (potions, food, gear…) — 30",Hearty Fortifying Soup,https://dragonwilds.runescape.wiki/w/Hearty_Fortifying_Soup,unknown — please say how you got it,,,,,,,,,,,,,,,,,,,,,,,,,,,,,,,,,,,
"Usables (potions, food, gear…) — 30",Hearty Soup,https://dragonwilds.runescape.wiki/w/Hearty_Soup,unknown — please say how you got it,,,,,,,,,,,,,,,,,,,,,,,,,,,,,,,,,,,
"Usables (potions, food, gear…) — 30",Hearty Stew,https://dragonwilds.runescape.wiki/w/Hearty_Stew,unknown — please say how you got it,,,,,,,,,,,,,,,,,,,,,,,,,,,,,,,,,,,
"Usables (potions, food, gear…) — 30",Kuldra's Wrath,https://dragonwilds.runescape.wiki/w/Kuldra's_Wrath,unknown — please say how you got it,,,,,,,,,,,,,,,,,,,,,,,,,,,,,,,,,,,
"Usables (potions, food, gear…) — 30",Lesser Healing Potion,https://dragonwilds.runescape.wiki/w/Lesser_Healing_Potion,unknown — please say how you got it,,,,,,,,,,,,,,,,,,,,,,,,,,,,,,,,,,,
"Usables (potions, food, gear…) — 30",Mixed Platter,https://dragonwilds.runescape.wiki/w/Mixed_Platter,unknown — please say how you got it,,,,,,,,,,,,,,,,,,,,,,,,,,,,,,,,,,,
"Usables (potions, food, gear…) — 30",Poisoned Steel Arrow,https://dragonwilds.runescape.wiki/w/Poisoned_Steel_Arrow,unknown — please say how you got it,,,,,,,,,,,,,,,,,,,,,,,,,,,,,,,,,,,
"Usables (potions, food, gear…) — 30",Redberry Glazed Roast Flank,https://dragonwilds.runescape.wiki/w/Redberry_Glazed_Roast_Flank,unknown — please say how you got it,,,,,,,,,,,,,,,,,,,,,,,,,,,,,,,,,,,
"Usables (potions, food, gear…) — 30",Steel Barbed Arrow,https://dragonwilds.runescape.wiki/w/Steel_Barbed_Arrow,unknown — please say how you got it,,,,,,,,,,,,,,,,,,,,,,,,,,,,,,,,,,,
"Usables (potions, food, gear…) — 30",Steel Greatword,https://dragonwilds.runescape.wiki/w/Steel_Greatword,unknown — please say how you got it,,,,,,,,,,,,,,,,,,,,,,,,,,,,,,,,,,,
"Usables (potions, food, gear…) — 30",Weak Healing Potion,https://dragonwilds.runescape.wiki/w/Weak_Healing_Potion,unknown — please say how you got it,,,,,,,,,,,,,,,,,,,,,,,,,,,,,,,,,,,
"Usables (potions, food, gear…) — 30",Wooden Arrow,https://dragonwilds.runescape.wiki/w/Wooden_Arrow,unknown — please say how you got it,,,,,,,,,,,,,,,,,,,,,,,,,,,,,,,,,,,
"Usables (potions, food, gear…) — 30",Wooden Club,https://dragonwilds.runescape.wiki/w/Wooden_Club,unknown — please say how you got it,,,,,,,,,,,,,,,,,,,,,,,,,,,,,,,,,,,
"Usables (potions, food, gear…) — 30",Woodsman Ring,https://dragonwilds.runescape.wiki/w/Woodsman_Ring,unknown — please say how you got it,,,,,,,,,,,,,,,,,,,,,,,,,,,,,,,,,,,
Lore & relics — 88,A Cracked Bronze Vanity Mirror,https://dragonwilds.runescape.wiki/w/A_Cracked_Bronze_Vanity_Mirror,unknown — please say how you got it,,,,,,,,,,,,,,,,,,,,,,,,,,,,,,,,,,,
Lore & relics — 88,A Mysterious Crescent Carving,https://dragonwilds.runescape.wiki/w/A_Mysterious_Crescent_Carving,unknown — please say how you got it,,,,,,,,,,,,,,,,,,,,,,,,,,,,,,,,,,,
Lore & relics — 88,A Simple Broken Bow,https://dragonwilds.runescape.wiki/w/A_Simple_Broken_Bow,unknown — please say how you got it,,,,,,,,,,,,,,,,,,,,,,,,,,,,,,,,,,,
Lore & relics — 88,A String of Sinew,https://dragonwilds.runescape.wiki/w/A_String_of_Sinew,unknown — please say how you got it,,,,,,,,,,,,,,,,,,,,,,,,,,,,,,,,,,,
Lore & relics — 88,A Threadbare Grain Sack,https://dragonwilds.runescape.wiki/w/A_Threadbare_Grain_Sack,unknown — please say how you got it,,,,,,,,,,,,,,,,,,,,,,,,,,,,,,,,,,,
Lore & relics — 88,An Educational Blade,https://dragonwilds.runescape.wiki/w/An_Educational_Blade,unknown — please say how you got it,,,,,,,,,,,,,,,,,,,,,,,,,,,,,,,,,,,
Lore & relics — 88,An Ember Edged Remnant of Cloth,https://dragonwilds.runescape.wiki/w/An_Ember_Edged_Remnant_of_Cloth,unknown — please say how you got it,,,,,,,,,,,,,,,,,,,,,,,,,,,,,,,,,,,
Lore & relics — 88,Arrowhead of Ancient Origin,https://dragonwilds.runescape.wiki/w/Arrowhead_of_Ancient_Origin,unknown — please say how you got it,,,,,,,,,,,,,,,,,,,,,,,,,,,,,,,,,,,
Lore & relics — 88,Barbed Appendage,https://dragonwilds.runescape.wiki/w/Barbed_Appendage,unknown — please say how you got it,,,,,,,,,,,,,,,,,,,,,,,,,,,,,,,,,,,
Lore & relics — 88,Battle-Scarred Black Metal,https://dragonwilds.runescape.wiki/w/Battle-Scarred_Black_Metal,unknown — please say how you got it,,,,,,,,,,,,,,,,,,,,,,,,,,,,,,,,,,,
Lore & relics — 88,Bloodstained Black Visor,https://dragonwilds.runescape.wiki/w/Bloodstained_Black_Visor,unknown — please say how you got it,,,,,,,,,,,,,,,,,,,,,,,,,,,,,,,,,,,
Lore & relics — 88,Bloodstained Hilt,https://dragonwilds.runescape.wiki/w/Bloodstained_Hilt,unknown — please say how you got it,,,,,,,,,,,,,,,,,,,,,,,,,,,,,,,,,,,
Lore & relics — 88,Bludgeoning Obsidian Construct,https://dragonwilds.runescape.wiki/w/Bludgeoning_Obsidian_Construct,unknown — please say how you got it,,,,,,,,,,,,,,,,,,,,,,,,,,,,,,,,,,,
Lore & relics — 88,Burnished Belt Buckle,https://dragonwilds.runescape.wiki/w/Burnished_Belt_Buckle,unknown — please say how you got it,,,,,,,,,,,,,,,,,,,,,,,,,,,,,,,,,,,
Lore & relics — 88,Carved Bone Animal Lure,https://dragonwilds.runescape.wiki/w/Carved_Bone_Animal_Lure,unknown — please say how you got it,,,,,,,,,,,,,,,,,,,,,,,,,,,,,,,,,,,
Lore & relics — 88,Chewed Blue Cloth,https://dragonwilds.runescape.wiki/w/Chewed_Blue_Cloth,unknown — please say how you got it,,,,,,,,,,,,,,,,,,,,,,,,,,,,,,,,,,,
Lore & relics — 88,Chewed Green Cloth,https://dragonwilds.runescape.wiki/w/Chewed_Green_Cloth,unknown — please say how you got it,,,,,,,,,,,,,,,,,,,,,,,,,,,,,,,,,,,
Lore & relics — 88,Chewed Pink Cloth,https://dragonwilds.runescape.wiki/w/Chewed_Pink_Cloth,unknown — please say how you got it,,,,,,,,,,,,,,,,,,,,,,,,,,,,,,,,,,,
Lore & relics — 88,Chewed Red Cloth,https://dragonwilds.runescape.wiki/w/Chewed_Red_Cloth,unknown — please say how you got it,,,,,,,,,,,,,,,,,,,,,,,,,,,,,,,,,,,
Lore & relics — 88,Chewed Yellow Cloth,https://dragonwilds.runescape.wiki/w/Chewed_Yellow_Cloth,unknown — please say how you got it,,,,,,,,,,,,,,,,,,,,,,,,,,,,,,,,,,,
Lore & relics — 88,Chipped Obsidian Construct,https://dragonwilds.runescape.wiki/w/Chipped_Obsidian_Construct,unknown — please say how you got it,,,,,,,,,,,,,,,,,,,,,,,,,,,,,,,,,,,
Lore & relics — 88,Cloying Damp Cowl,https://dragonwilds.runescape.wiki/w/Cloying_Damp_Cowl,unknown — please say how you got it,,,,,,,,,,,,,,,,,,,,,,,,,,,,,,,,,,,
Lore & relics — 88,Commemorative Coin,https://dragonwilds.runescape.wiki/w/Commemorative_Coin,unknown — please say how you got it,,,,,,,,,,,,,,,,,,,,,,,,,,,,,,,,,,,
Lore & relics — 88,Corroded White Visor,https://dragonwilds.runescape.wiki/w/Corroded_White_Visor,unknown — please say how you got it,,,,,,,,,,,,,,,,,,,,,,,,,,,,,,,,,,,
Lore & relics — 88,Crucible Engram of Betrayal,https://dragonwilds.runescape.wiki/w/Crucible_Engram_of_Betrayal,unknown — please say how you got it,,,,,,,,,,,,,,,,,,,,,,,,,,,,,,,,,,,
Lore & relics — 88,Crucible Engram of Helplessness,https://dragonwilds.runescape.wiki/w/Crucible_Engram_of_Helplessness,unknown — please say how you got it,,,,,,,,,,,,,,,,,,,,,,,,,,,,,,,,,,,
Lore & relics — 88,Crucible Engram of Humiliation,https://dragonwilds.runescape.wiki/w/Crucible_Engram_of_Humiliation,unknown — please say how you got it,,,,,,,,,,,,,,,,,,,,,,,,,,,,,,,,,,,
Lore & relics — 88,Crucible Engram of the Hounded,https://dragonwilds.runescape.wiki/w/Crucible_Engram_of_the_Hounded,unknown — please say how you got it,,,,,,,,,,,,,,,,,,,,,,,,,,,,,,,,,,,
Lore & relics — 88,Crushed Obsidian Construct,https://dragonwilds.runescape.wiki/w/Crushed_Obsidian_Construct,unknown — please say how you got it,,,,,,,,,,,,,,,,,,,,,,,,,,,,,,,,,,,
Lore & relics — 88,Crushed White Cuisse,https://dragonwilds.runescape.wiki/w/Crushed_White_Cuisse,unknown — please say how you got it,,,,,,,,,,,,,,,,,,,,,,,,,,,,,,,,,,,
Lore & relics — 88,Curse Carrying Crown,https://dragonwilds.runescape.wiki/w/Curse_Carrying_Crown,unknown — please say how you got it,,,,,,,,,,,,,,,,,,,,,,,,,,,,,,,,,,,
Lore & relics — 88,Dented White Pauldron,https://dragonwilds.runescape.wiki/w/Dented_White_Pauldron,unknown — please say how you got it,,,,,,,,,,,,,,,,,,,,,,,,,,,,,,,,,,,
Lore & relics — 88,Dusty Black Pocket,https://dragonwilds.runescape.wiki/w/Dusty_Black_Pocket,unknown — please say how you got it,,,,,,,,,,,,,,,,,,,,,,,,,,,,,,,,,,,
Lore & relics — 88,Elongated Obsidian Construct,https://dragonwilds.runescape.wiki/w/Elongated_Obsidian_Construct,unknown — please say how you got it,,,,,,,,,,,,,,,,,,,,,,,,,,,,,,,,,,,
Lore & relics — 88,Fabric That Hums With You,https://dragonwilds.runescape.wiki/w/Fabric_That_Hums_With_You,unknown — please say how you got it,,,,,,,,,,,,,,,,,,,,,,,,,,,,,,,,,,,
Lore & relics — 88,Grim Black Codpiece,https://dragonwilds.runescape.wiki/w/Grim_Black_Codpiece,unknown — please say how you got it,,,,,,,,,,,,,,,,,,,,,,,,,,,,,,,,,,,
Lore & relics — 88,Hardy Weathered Shell,https://dragonwilds.runescape.wiki/w/Hardy_Weathered_Shell,unknown — please say how you got it,,,,,,,,,,,,,,,,,,,,,,,,,,,,,,,,,,,
Lore & relics — 88,Inspiring Insignia,https://dragonwilds.runescape.wiki/w/Inspiring_Insignia,unknown — please say how you got it,,,,,,,,,,,,,,,,,,,,,,,,,,,,,,,,,,,
Lore & relics — 88,Limp Black Lining,https://dragonwilds.runescape.wiki/w/Limp_Black_Lining,unknown — please say how you got it,,,,,,,,,,,,,,,,,,,,,,,,,,,,,,,,,,,
Lore & relics — 88,Lunate Shawl,https://dragonwilds.runescape.wiki/w/Lunate_Shawl,unknown — please say how you got it,,,,,,,,,,,,,,,,,,,,,,,,,,,,,,,,,,,
Lore & relics — 88,Lunular Wrappings,https://dragonwilds.runescape.wiki/w/Lunular_Wrappings,unknown — please say how you got it,,,,,,,,,,,,,,,,,,,,,,,,,,,,,,,,,,,
Lore & relics — 88,Moth Eaten Black Cloth,https://dragonwilds.runescape.wiki/w/Moth_Eaten_Black_Cloth,unknown — please say how you got it,,,,,,,,,,,,,,,,,,,,,,,,,,,,,,,,,,,
Lore & relics — 88,Moth Eaten Blue Cloth,https://dragonwilds.runescape.wiki/w/Moth_Eaten_Blue_Cloth,unknown — please say how you got it,,,,,,,,,,,,,,,,,,,,,,,,,,,,,,,,,,,
Lore & relics — 88,Moth Eaten Green Cloth,https://dragonwilds.runescape.wiki/w/Moth_Eaten_Green_Cloth,unknown — please say how you got it,,,,,,,,,,,,,,,,,,,,,,,,,,,,,,,,,,,
Lore & relics — 88,Moth Eaten Orange Cloth,https://dragonwilds.runescape.wiki/w/Moth_Eaten_Orange_Cloth,unknown — please say how you got it,,,,,,,,,,,,,,,,,,,,,,,,,,,,,,,,,,,
Lore & relics — 88,Moth Eaten Pink Cloth,https://dragonwilds.runescape.wiki/w/Moth_Eaten_Pink_Cloth,unknown — please say how you got it,,,,,,,,,,,,,,,,,,,,,,,,,,,,,,,,,,,
Lore & relics — 88,Moth Eaten Purple Cloth,https://dragonwilds.runescape.wiki/w/Moth_Eaten_Purple_Cloth,unknown — please say how you got it,,,,,,,,,,,,,,,,,,,,,,,,,,,,,,,,,,,
Lore & relics — 88,Moth Eaten Red Cloth,https://dragonwilds.runescape.wiki/w/Moth_Eaten_Red_Cloth,unknown — please say how you got it,,,,,,,,,,,,,,,,,,,,,,,,,,,,,,,,,,,
Lore & relics — 88,Moth Eaten White Cloth,https://dragonwilds.runescape.wiki/w/Moth_Eaten_White_Cloth,unknown — please say how you got it,,,,,,,,,,,,,,,,,,,,,,,,,,,,,,,,,,,
Lore & relics — 88,Moth Eaten Yellow Cloth,https://dragonwilds.runescape.wiki/w/Moth_Eaten_Yellow_Cloth,unknown — please say how you got it,,,,,,,,,,,,,,,,,,,,,,,,,,,,,,,,,,,
Lore & relics — 88,Ornate Golden Scarab,https://dragonwilds.runescape.wiki/w/Ornate_Golden_Scarab,unknown — please say how you got it,,,,,,,,,,,,,,,,,,,,,,,,,,,,,,,,,,,
Lore & relics — 88,Plate of Pure Obsidian,https://dragonwilds.runescape.wiki/w/Plate_of_Pure_Obsidian,unknown — please say how you got it,,,,,,,,,,,,,,,,,,,,,,,,,,,,,,,,,,,
Lore & relics — 88,Remnants of a Rotting Robe,https://dragonwilds.runescape.wiki/w/Remnants_of_a_Rotting_Robe,unknown — please say how you got it,,,,,,,,,,,,,,,,,,,,,,,,,,,,,,,,,,,
Lore & relics — 88,Remnants of a Shattered Skull,https://dragonwilds.runescape.wiki/w/Remnants_of_a_Shattered_Skull,unknown — please say how you got it,,,,,,,,,,,,,,,,,,,,,,,,,,,,,,,,,,,
Lore & relics — 88,Selenic Veil,https://dragonwilds.runescape.wiki/w/Selenic_Veil,unknown — please say how you got it,,,,,,,,,,,,,,,,,,,,,,,,,,,,,,,,,,,
Lore & relics — 88,Serrated Claw,https://dragonwilds.runescape.wiki/w/Serrated_Claw,unknown — please say how you got it,,,,,,,,,,,,,,,,,,,,,,,,,,,,,,,,,,,
Lore & relics — 88,Shard of Black Pauldron,https://dragonwilds.runescape.wiki/w/Shard_of_Black_Pauldron,unknown — please say how you got it,,,,,,,,,,,,,,,,,,,,,,,,,,,,,,,,,,,
Lore & relics — 88,Shard of Smoky Glass,https://dragonwilds.runescape.wiki/w/Shard_of_Smoky_Glass,unknown — please say how you got it,,,,,,,,,,,,,,,,,,,,,,,,,,,,,,,,,,,
Lore & relics — 88,Shattered Black Blade (Umbral Sands),https://dragonwilds.runescape.wiki/w/Shattered_Black_Blade_(Umbral_Sands,unknown — please say how you got it,,,,,,,,,,,,,,,,,,,,,,,,,,,,,,,,,,,
Lore & relics — 88,Shred of Sunbleached Weave,https://dragonwilds.runescape.wiki/w/Shred_of_Sunbleached_Weave,unknown — please say how you got it,,,,,,,,,,,,,,,,,,,,,,,,,,,,,,,,,,,
Lore & relics — 88,Sigil of a Phoenix,https://dragonwilds.runescape.wiki/w/Sigil_of_a_Phoenix,unknown — please say how you got it,,,,,,,,,,,,,,,,,,,,,,,,,,,,,,,,,,,
Lore & relics — 88,Simply Splendid Feather,https://dragonwilds.runescape.wiki/w/Simply_Splendid_Feather,unknown — please say how you got it,,,,,,,,,,,,,,,,,,,,,,,,,,,,,,,,,,,
Lore & relics — 88,Slightly Chaffing Chestguard,https://dragonwilds.runescape.wiki/w/Slightly_Chaffing_Chestguard,unknown — please say how you got it,,,,,,,,,,,,,,,,,,,,,,,,,,,,,,,,,,,
Lore & relics — 88,Sodden Black Leather,https://dragonwilds.runescape.wiki/w/Sodden_Black_Leather,unknown — please say how you got it,,,,,,,,,,,,,,,,,,,,,,,,,,,,,,,,,,,
Lore & relics — 88,Softly Vibrating Orb,https://dragonwilds.runescape.wiki/w/Softly_Vibrating_Orb,unknown — please say how you got it,,,,,,,,,,,,,,,,,,,,,,,,,,,,,,,,,,,
Lore & relics — 88,Soiled Blue Cloth,https://dragonwilds.runescape.wiki/w/Soiled_Blue_Cloth,unknown — please say how you got it,,,,,,,,,,,,,,,,,,,,,,,,,,,,,,,,,,,
Lore & relics — 88,Soiled Green Cloth,https://dragonwilds.runescape.wiki/w/Soiled_Green_Cloth,unknown — please say how you got it,,,,,,,,,,,,,,,,,,,,,,,,,,,,,,,,,,,
Lore & relics — 88,Soiled Pink Cloth,https://dragonwilds.runescape.wiki/w/Soiled_Pink_Cloth,unknown — please say how you got it,,,,,,,,,,,,,,,,,,,,,,,,,,,,,,,,,,,
Lore & relics — 88,Soiled Red Cloth,https://dragonwilds.runescape.wiki/w/Soiled_Red_Cloth,unknown — please say how you got it,,,,,,,,,,,,,,,,,,,,,,,,,,,,,,,,,,,
Lore & relics — 88,Soiled Yellow Cloth,https://dragonwilds.runescape.wiki/w/Soiled_Yellow_Cloth,unknown — please say how you got it,,,,,,,,,,,,,,,,,,,,,,,,,,,,,,,,,,,
Lore & relics — 88,Sun-Bleached Head Wrap,https://dragonwilds.runescape.wiki/w/Sun-Bleached_Head_Wrap,unknown — please say how you got it,,,,,,,,,,,,,,,,,,,,,,,,,,,,,,,,,,,
Lore & relics — 88,Sun-Bleached Leggings,https://dragonwilds.runescape.wiki/w/Sun-Bleached_Leggings,unknown — please say how you got it,,,,,,,,,,,,,,,,,,,,,,,,,,,,,,,,,,,
Lore & relics — 88,Sun-Bleached Vest,https://dragonwilds.runescape.wiki/w/Sun-Bleached_Vest,unknown — please say how you got it,,,,,,,,,,,,,,,,,,,,,,,,,,,,,,,,,,,
Lore & relics — 88,Suspiciously Light Tattered Boots,https://dragonwilds.runescape.wiki/w/Suspiciously_Light_Tattered_Boots,unknown — please say how you got it,,,,,,,,,,,,,,,,,,,,,,,,,,,,,,,,,,,
Lore & relics — 88,Tastefully Torn Tights,https://dragonwilds.runescape.wiki/w/Tastefully_Torn_Tights,unknown — please say how you got it,,,,,,,,,,,,,,,,,,,,,,,,,,,,,,,,,,,
Lore & relics — 88,Tome of Agility - Vol 1,https://dragonwilds.runescape.wiki/w/Tome_of_Agility_-_Vol_1,unknown — please say how you got it,,,,,,,,,,,,,,,,,,,,,,,,,,,,,,,,,,,
Lore & relics — 88,Tome of Agility - Vol 2,https://dragonwilds.runescape.wiki/w/Tome_of_Agility_-_Vol_2,unknown — please say how you got it,,,,,,,,,,,,,,,,,,,,,,,,,,,,,,,,,,,
Lore & relics — 88,Tome of the Dragon Slayer,https://dragonwilds.runescape.wiki/w/Tome_of_the_Dragon_Slayer,unknown — please say how you got it,,,,,,,,,,,,,,,,,,,,,,,,,,,,,,,,,,,
Lore & relics — 88,Tome of the Titan,https://dragonwilds.runescape.wiki/w/Tome_of_the_Titan,unknown — please say how you got it,,,,,,,,,,,,,,,,,,,,,,,,,,,,,,,,,,,
Lore & relics — 88,Tome of the Undying,https://dragonwilds.runescape.wiki/w/Tome_of_the_Undying,unknown — please say how you got it,,,,,,,,,,,,,,,,,,,,,,,,,,,,,,,,,,,
Lore & relics — 88,Tome of Volcano,https://dragonwilds.runescape.wiki/w/Tome_of_Volcano,unknown — please say how you got it,,,,,,,,,,,,,,,,,,,,,,,,,,,,,,,,,,,
Lore & relics — 88,Twtiching Antenna,https://dragonwilds.runescape.wiki/w/Twtiching_Antenna,unknown — please say how you got it,,,,,,,,,,,,,,,,,,,,,,,,,,,,,,,,,,,
Lore & relics — 88,VESTIGE: A Brutal Bladehead,—,unknown — please say how you got it,,,,,,,,,,,,,,,,,,,,,,,,,,,,,,,,,,,
Lore & relics — 88,VESTIGE: A Corroded Serrated Blade,—,unknown — please say how you got it,,,,,,,,,,,,,,,,,,,,,,,,,,,,,,,,,,,
Lore & relics — 88,VESTIGE: A Simple Broken Bow,—,unknown — please say how you got it,,,,,,,,,,,,,,,,,,,,,,,,,,,,,,,,,,,
Lore & relics — 88,Weighted Training Band,https://dragonwilds.runescape.wiki/w/Weighted_Training_Band,unknown — please say how you got it,,,,,,,,,,,,,,,,,,,,,,,,,,,,,,,,,,,
Lore & relics — 88,Whispering Elbow Pad,https://dragonwilds.runescape.wiki/w/Whispering_Elbow_Pad,unknown — please say how you got it,,,,,,,,,,,,,,,,,,,,,,,,,,,,,,,,,,,
Lore & relics — 88,Wizard's Kneecap,https://dragonwilds.runescape.wiki/w/Wizard's_Kneecap,unknown — please say how you got it,,,,,,,,,,,,,,,,,,,,,,,,,,,,,,,,,,,
"Cosmetics, capes & mounts — 66",Agility Cape,https://dragonwilds.runescape.wiki/w/Agility_Cape,unknown — please say how you got it,,,,,,,,,,,,,,,,,,,,,,,,,,,,,,,,,,,
"Cosmetics, capes & mounts — 66",Agility Cape (Trimmed),https://dragonwilds.runescape.wiki/w/Agility_Cape_(Trimmed,unknown — please say how you got it,,,,,,,,,,,,,,,,,,,,,,,,,,,,,,,,,,,
"Cosmetics, capes & mounts — 66",Artisan Cape,https://dragonwilds.runescape.wiki/w/Artisan_Cape,unknown — please say how you got it,,,,,,,,,,,,,,,,,,,,,,,,,,,,,,,,,,,
"Cosmetics, capes & mounts — 66",Artisan Cape (Trimmed),https://dragonwilds.runescape.wiki/w/Artisan_Cape_(Trimmed,unknown — please say how you got it,,,,,,,,,,,,,,,,,,,,,,,,,,,,,,,,,,,
"Cosmetics, capes & mounts — 66",Attack Cape,https://dragonwilds.runescape.wiki/w/Attack_Cape,unknown — please say how you got it,,,,,,,,,,,,,,,,,,,,,,,,,,,,,,,,,,,
"Cosmetics, capes & mounts — 66",Attack Cape (Trimmed),https://dragonwilds.runescape.wiki/w/Attack_Cape_(Trimmed,unknown — please say how you got it,,,,,,,,,,,,,,,,,,,,,,,,,,,,,,,,,,,
"Cosmetics, capes & mounts — 66",Black Adventurer's Cape,https://dragonwilds.runescape.wiki/w/Black_Adventurer's_Cape,unknown — please say how you got it,,,,,,,,,,,,,,,,,,,,,,,,,,,,,,,,,,,
"Cosmetics, capes & mounts — 66",Blue Adventurer's Cape,https://dragonwilds.runescape.wiki/w/Blue_Adventurer's_Cape,unknown — please say how you got it,,,,,,,,,,,,,,,,,,,,,,,,,,,,,,,,,,,
"Cosmetics, capes & mounts — 66",Blue Dyed Cape,https://dragonwilds.runescape.wiki/w/Blue_Dyed_Cape,unknown — please say how you got it,,,,,,,,,,,,,,,,,,,,,,,,,,,,,,,,,,,
"Cosmetics, capes & mounts — 66",Blue Hex Cape,https://dragonwilds.runescape.wiki/w/Blue_Hex_Cape,unknown — please say how you got it,,,,,,,,,,,,,,,,,,,,,,,,,,,,,,,,,,,
"Cosmetics, capes & mounts — 66",Community Cape,https://dragonwilds.runescape.wiki/w/Community_Cape,unknown — please say how you got it,,,,,,,,,,,,,,,,,,,,,,,,,,,,,,,,,,,
"Cosmetics, capes & mounts — 66",Construction Cape,https://dragonwilds.runescape.wiki/w/Construction_Cape,unknown — please say how you got it,,,,,,,,,,,,,,,,,,,,,,,,,,,,,,,,,,,
"Cosmetics, capes & mounts — 66",Construction Cape (Trimmed),https://dragonwilds.runescape.wiki/w/Construction_Cape_(Trimmed,unknown — please say how you got it,,,,,,,,,,,,,,,,,,,,,,,,,,,,,,,,,,,
"Cosmetics, capes & mounts — 66",Cooking Cape,https://dragonwilds.runescape.wiki/w/Cooking_Cape,unknown — please say how you got it,,,,,,,,,,,,,,,,,,,,,,,,,,,,,,,,,,,
"Cosmetics, capes & mounts — 66",Cooking Cape (Trimmed),https://dragonwilds.runescape.wiki/w/Cooking_Cape_(Trimmed,unknown — please say how you got it,,,,,,,,,,,,,,,,,,,,,,,,,,,,,,,,,,,
"Cosmetics, capes & mounts — 66",Dragonbane Cape,https://dragonwilds.runescape.wiki/w/Dragonbane_Cape,unknown — please say how you got it,,,,,,,,,,,,,,,,,,,,,,,,,,,,,,,,,,,
"Cosmetics, capes & mounts — 66",Dragonslayer's Cape,https://dragonwilds.runescape.wiki/w/Dragonslayer's_Cape,unknown — please say how you got it,,,,,,,,,,,,,,,,,,,,,,,,,,,,,,,,,,,
"Cosmetics, capes & mounts — 66",Garou Highborn's Cloak,https://dragonwilds.runescape.wiki/w/Garou_Highborn's_Cloak,unknown — please say how you got it,,,,,,,,,,,,,,,,,,,,,,,,,,,,,,,,,,,
"Cosmetics, capes & mounts — 66",Gilded Paladin Cape,https://dragonwilds.runescape.wiki/w/Gilded_Paladin_Cape,unknown — please say how you got it,,,,,,,,,,,,,,,,,,,,,,,,,,,,,,,,,,,
"Cosmetics, capes & mounts — 66",Goblin War Banner,https://dragonwilds.runescape.wiki/w/Goblin_War_Banner,unknown — please say how you got it,,,,,,,,,,,,,,,,,,,,,,,,,,,,,,,,,,,
"Cosmetics, capes & mounts — 66",Goblin War Banner Cape,https://dragonwilds.runescape.wiki/w/Goblin_War_Banner_Cape,unknown — please say how you got it,,,,,,,,,,,,,,,,,,,,,,,,,,,,,,,,,,,
"Cosmetics, capes & mounts — 66",Green Adventurer's Cape,https://dragonwilds.runescape.wiki/w/Green_Adventurer's_Cape,unknown — please say how you got it,,,,,,,,,,,,,,,,,,,,,,,,,,,,,,,,,,,
"Cosmetics, capes & mounts — 66",Green Dyad Cape,https://dragonwilds.runescape.wiki/w/Green_Dyad_Cape,unknown — please say how you got it,,,,,,,,,,,,,,,,,,,,,,,,,,,,,,,,,,,
"Cosmetics, capes & mounts — 66",Green Hex Cape,https://dragonwilds.runescape.wiki/w/Green_Hex_Cape,unknown — please say how you got it,,,,,,,,,,,,,,,,,,,,,,,,,,,,,,,,,,,
"Cosmetics, capes & mounts — 66",Magic Cape,https://dragonwilds.runescape.wiki/w/Magic_Cape,unknown — please say how you got it,,,,,,,,,,,,,,,,,,,,,,,,,,,,,,,,,,,
"Cosmetics, capes & mounts — 66",Magic Cape (Trimmed),https://dragonwilds.runescape.wiki/w/Magic_Cape_(Trimmed,unknown — please say how you got it,,,,,,,,,,,,,,,,,,,,,,,,,,,,,,,,,,,
"Cosmetics, capes & mounts — 66",MOUNT: Astralbeak Warbler,https://dragonwilds.runescape.wiki/w/MOUNT%3A_Astralbeak_Warbler,unknown — please say how you got it,,,,,,,,,,,,,,,,,,,,,,,,,,,,,,,,,,,
"Cosmetics, capes & mounts — 66",MOUNT: Coastal Sunbeak,https://dragonwilds.runescape.wiki/w/MOUNT%3A_Coastal_Sunbeak,unknown — please say how you got it,,,,,,,,,,,,,,,,,,,,,,,,,,,,,,,,,,,
"Cosmetics, capes & mounts — 66",MOUNT: Infernal Blightbeak,https://dragonwilds.runescape.wiki/w/MOUNT%3A_Infernal_Blightbeak,unknown — please say how you got it,,,,,,,,,,,,,,,,,,,,,,,,,,,,,,,,,,,
"Cosmetics, capes & mounts — 66",MOUNT: Magic Carpet,https://dragonwilds.runescape.wiki/w/MOUNT%3A_Magic_Carpet,unknown — please say how you got it,,,,,,,,,,,,,,,,,,,,,,,,,,,,,,,,,,,
"Cosmetics, capes & mounts — 66",MOUNT: Manafem Midnight,https://dragonwilds.runescape.wiki/w/MOUNT%3A_Manafem_Midnight,unknown — please say how you got it,,,,,,,,,,,,,,,,,,,,,,,,,,,,,,,,,,,
"Cosmetics, capes & mounts — 66",MOUNT: Mossbeak Hunter,https://dragonwilds.runescape.wiki/w/MOUNT%3A_Mossbeak_Hunter,unknown — please say how you got it,,,,,,,,,,,,,,,,,,,,,,,,,,,,,,,,,,,
"Cosmetics, capes & mounts — 66",MOUNT: Oakfeather Raptor,https://dragonwilds.runescape.wiki/w/MOUNT%3A_Oakfeather_Raptor,unknown — please say how you got it,,,,,,,,,,,,,,,,,,,,,,,,,,,,,,,,,,,
"Cosmetics, capes & mounts — 66",MOUNT: Scorchweave Rug,https://dragonwilds.runescape.wiki/w/MOUNT%3A_Scorchweave_Rug,unknown — please say how you got it,,,,,,,,,,,,,,,,,,,,,,,,,,,,,,,,,,,
"Cosmetics, capes & mounts — 66",MOUNT: Uzzerian Umber,https://dragonwilds.runescape.wiki/w/MOUNT%3A_Uzzerian_Umber,unknown — please say how you got it,,,,,,,,,,,,,,,,,,,,,,,,,,,,,,,,,,,
"Cosmetics, capes & mounts — 66",MOUNT: Zamorakian Pledgesaddle,https://dragonwilds.runescape.wiki/w/MOUNT%3A_Zamorakian_Pledgesaddle,unknown — please say how you got it,,,,,,,,,,,,,,,,,,,,,,,,,,,,,,,,,,,
"Cosmetics, capes & mounts — 66",Obsidian Cape,https://dragonwilds.runescape.wiki/w/Obsidian_Cape,unknown — please say how you got it,,,,,,,,,,,,,,,,,,,,,,,,,,,,,,,,,,,
"Cosmetics, capes & mounts — 66",Orange Adventurer's Cape,https://dragonwilds.runescape.wiki/w/Orange_Adventurer's_Cape,unknown — please say how you got it,,,,,,,,,,,,,,,,,,,,,,,,,,,,,,,,,,,
"Cosmetics, capes & mounts — 66",Pink Adventurer's Cape,https://dragonwilds.runescape.wiki/w/Pink_Adventurer's_Cape,unknown — please say how you got it,,,,,,,,,,,,,,,,,,,,,,,,,,,,,,,,,,,
"Cosmetics, capes & mounts — 66",Pink Dyad Cape,https://dragonwilds.runescape.wiki/w/Pink_Dyad_Cape,unknown — please say how you got it,,,,,,,,,,,,,,,,,,,,,,,,,,,,,,,,,,,
"Cosmetics, capes & mounts — 66",Pink Hex Cape,https://dragonwilds.runescape.wiki/w/Pink_Hex_Cape,unknown — please say how you got it,,,,,,,,,,,,,,,,,,,,,,,,,,,,,,,,,,,
"Cosmetics, capes & mounts — 66",Pioneer's Cape,https://dragonwilds.runescape.wiki/w/Pioneer's_Cape,unknown — please say how you got it,,,,,,,,,,,,,,,,,,,,,,,,,,,,,,,,,,,
"Cosmetics, capes & mounts — 66",Pioneer's Scarf,https://dragonwilds.runescape.wiki/w/Pioneer's_Scarf,unknown — please say how you got it,,,,,,,,,,,,,,,,,,,,,,,,,,,,,,,,,,,
"Cosmetics, capes & mounts — 66",Prayer Cape,https://dragonwilds.runescape.wiki/w/Prayer_Cape,unknown — please say how you got it,,,,,,,,,,,,,,,,,,,,,,,,,,,,,,,,,,,
"Cosmetics, capes & mounts — 66",Purple Adventurer's Cape,https://dragonwilds.runescape.wiki/w/Purple_Adventurer's_Cape,unknown — please say how you got it,,,,,,,,,,,,,,,,,,,,,,,,,,,,,,,,,,,
"Cosmetics, capes & mounts — 66",Ranged Cape,https://dragonwilds.runescape.wiki/w/Ranged_Cape,unknown — please say how you got it,,,,,,,,,,,,,,,,,,,,,,,,,,,,,,,,,,,
"Cosmetics, capes & mounts — 66",Ranged Cape (Trimmed),https://dragonwilds.runescape.wiki/w/Ranged_Cape_(Trimmed,unknown — please say how you got it,,,,,,,,,,,,,,,,,,,,,,,,,,,,,,,,,,,
"Cosmetics, capes & mounts — 66",Red Adventurer's Cape,https://dragonwilds.runescape.wiki/w/Red_Adventurer's_Cape,unknown — please say how you got it,,,,,,,,,,,,,,,,,,,,,,,,,,,,,,,,,,,
"Cosmetics, capes & mounts — 66",Red Desert Cape,https://dragonwilds.runescape.wiki/w/Red_Desert_Cape,unknown — please say how you got it,,,,,,,,,,,,,,,,,,,,,,,,,,,,,,,,,,,
"Cosmetics, capes & mounts — 66",Red Dyad Cape,https://dragonwilds.runescape.wiki/w/Red_Dyad_Cape,unknown — please say how you got it,,,,,,,,,,,,,,,,,,,,,,,,,,,,,,,,,,,
"Cosmetics, capes & mounts — 66",Red Hex Cape,https://dragonwilds.runescape.wiki/w/Red_Hex_Cape,unknown — please say how you got it,,,,,,,,,,,,,,,,,,,,,,,,,,,,,,,,,,,
"Cosmetics, capes & mounts — 66",Runecrafting Cape,https://dragonwilds.runescape.wiki/w/Runecrafting_Cape,unknown — please say how you got it,,,,,,,,,,,,,,,,,,,,,,,,,,,,,,,,,,,
"Cosmetics, capes & mounts — 66",Runecrafting Cape (Trimmed),https://dragonwilds.runescape.wiki/w/Runecrafting_Cape_(Trimmed,unknown — please say how you got it,,,,,,,,,,,,,,,,,,,,,,,,,,,,,,,,,,,
"Cosmetics, capes & mounts — 66",Saradominist Cloak,https://dragonwilds.runescape.wiki/w/Saradominist_Cloak,unknown — please say how you got it,,,,,,,,,,,,,,,,,,,,,,,,,,,,,,,,,,,
"Cosmetics, capes & mounts — 66",Shadowscale Cape,https://dragonwilds.runescape.wiki/w/Shadowscale_Cape,unknown — please say how you got it,,,,,,,,,,,,,,,,,,,,,,,,,,,,,,,,,,,
"Cosmetics, capes & mounts — 66",Spectral Chinchompa Cape,https://dragonwilds.runescape.wiki/w/Spectral_Chinchompa_Cape,unknown — please say how you got it,,,,,,,,,,,,,,,,,,,,,,,,,,,,,,,,,,,
"Cosmetics, capes & mounts — 66",Stormtouched Cape,https://dragonwilds.runescape.wiki/w/Stormtouched_Cape,unknown — please say how you got it,,,,,,,,,,,,,,,,,,,,,,,,,,,,,,,,,,,
"Cosmetics, capes & mounts — 66",Tattered Cape,https://dragonwilds.runescape.wiki/w/Tattered_Cape,unknown — please say how you got it,,,,,,,,,,,,,,,,,,,,,,,,,,,,,,,,,,,
"Cosmetics, capes & mounts — 66",Umbral Sands Cape,https://dragonwilds.runescape.wiki/w/Umbral_Sands_Cape,unknown — please say how you got it,,,,,,,,,,,,,,,,,,,,,,,,,,,,,,,,,,,
"Cosmetics, capes & mounts — 66",White Adventurer's Cape,https://dragonwilds.runescape.wiki/w/White_Adventurer's_Cape,unknown — please say how you got it,,,,,,,,,,,,,,,,,,,,,,,,,,,,,,,,,,,
"Cosmetics, capes & mounts — 66",Woodcutting Cape,https://dragonwilds.runescape.wiki/w/Woodcutting_Cape,unknown — please say how you got it,,,,,,,,,,,,,,,,,,,,,,,,,,,,,,,,,,,
"Cosmetics, capes & mounts — 66",Woodcutting Cape (Trimmed),https://dragonwilds.runescape.wiki/w/Woodcutting_Cape_(Trimmed,unknown — please say how you got it,,,,,,,,,,,,,,,,,,,,,,,,,,,,,,,,,,,
"Cosmetics, capes & mounts — 66",Yellow Adventurer's Cape,https://dragonwilds.runescape.wiki/w/Yellow_Adventurer's_Cape,unknown — please say how you got it,,,,,,,,,,,,,,,,,,,,,,,,,,,,,,,,,,,
"Cosmetics, capes & mounts — 66",Yellow Dyad Cape,https://dragonwilds.runescape.wiki/w/Yellow_Dyad_Cape,unknown — please say how you got it,,,,,,,,,,,,,,,,,,,,,,,,,,,,,,,,,,,
"Cosmetics, capes & mounts — 66",Yellow Hex Cape,https://dragonwilds.runescape.wiki/w/Yellow_Hex_Cape,unknown — please say how you got it,,,,,,,,,,,,,,,,,,,,,,,,,,,,,,,,,,,
"Cosmetics, capes & mounts — 66",Zamorak Cape,https://dragonwilds.runescape.wiki/w/Zamorak_Cape,unknown — please say how you got it,,,,,,,,,,,,,,,,,,,,,,,,,,,,,,,,,,,
Plans & blueprints — 108,PATTERN: Bloodblight Cape,https://dragonwilds.runescape.wiki/w/PATTERN%3A_Bloodblight_Cape,unknown — please say how you got it,,,,,,,,,,,,,,,,,,,,,,,,,,,,,,,,,,,
Plans & blueprints — 108,PATTERN: Bramblemead Cape,https://dragonwilds.runescape.wiki/w/PATTERN%3A_Bramblemead_Cape,unknown — please say how you got it,,,,,,,,,,,,,,,,,,,,,,,,,,,,,,,,,,,
Plans & blueprints — 108,PATTERN: Stormtouched Cape,https://dragonwilds.runescape.wiki/w/PATTERN%3A_Stormtouched_Cape,unknown — please say how you got it,,,,,,,,,,,,,,,,,,,,,,,,,,,,,,,,,,,
Plans & blueprints — 108,Plan Bundle: Armadyl Flags,https://dragonwilds.runescape.wiki/w/Plan_Bundle%3A_Armadyl_Flags,unknown — please say how you got it,,,,,,,,,,,,,,,,,,,,,,,,,,,,,,,,,,,
Plans & blueprints — 108,Plan Bundle: Bandos Flags,https://dragonwilds.runescape.wiki/w/Plan_Bundle%3A_Bandos_Flags,unknown — please say how you got it,,,,,,,,,,,,,,,,,,,,,,,,,,,,,,,,,,,
Plans & blueprints — 108,Plan Bundle: Guthix Flags,https://dragonwilds.runescape.wiki/w/Plan_Bundle%3A_Guthix_Flags,unknown — please say how you got it,,,,,,,,,,,,,,,,,,,,,,,,,,,,,,,,,,,
Plans & blueprints — 108,Plan Bundle: Saradomin Flags,https://dragonwilds.runescape.wiki/w/Plan_Bundle%3A_Saradomin_Flags,unknown — please say how you got it,,,,,,,,,,,,,,,,,,,,,,,,,,,,,,,,,,,
Plans & blueprints — 108,Plan Bundle: Zamorak Flags,https://dragonwilds.runescape.wiki/w/Plan_Bundle%3A_Zamorak_Flags,unknown — please say how you got it,,,,,,,,,,,,,,,,,,,,,,,,,,,,,,,,,,,
Plans & blueprints — 108,PLAN: Armadyl Banner 01,https://dragonwilds.runescape.wiki/w/PLAN%3A_Armadyl_Banner_01,unknown — please say how you got it,,,,,,,,,,,,,,,,,,,,,,,,,,,,,,,,,,,
Plans & blueprints — 108,PLAN: Armadyl Banner 02,https://dragonwilds.runescape.wiki/w/PLAN%3A_Armadyl_Banner_02,unknown — please say how you got it,,,,,,,,,,,,,,,,,,,,,,,,,,,,,,,,,,,
Plans & blueprints — 108,PLAN: Armadyl Banner 03,https://dragonwilds.runescape.wiki/w/PLAN%3A_Armadyl_Banner_03,unknown — please say how you got it,,,,,,,,,,,,,,,,,,,,,,,,,,,,,,,,,,,
Plans & blueprints — 108,PLAN: Armadyl Flag 01,https://dragonwilds.runescape.wiki/w/PLAN%3A_Armadyl_Flag_01,unknown — please say how you got it,,,,,,,,,,,,,,,,,,,,,,,,,,,,,,,,,,,
Plans & blueprints — 108,PLAN: Armadyl Flag 02,https://dragonwilds.runescape.wiki/w/PLAN%3A_Armadyl_Flag_02,unknown — please say how you got it,,,,,,,,,,,,,,,,,,,,,,,,,,,,,,,,,,,
Plans & blueprints — 108,PLAN: Armadyl Flag 03,https://dragonwilds.runescape.wiki/w/PLAN%3A_Armadyl_Flag_03,unknown — please say how you got it,,,,,,,,,,,,,,,,,,,,,,,,,,,,,,,,,,,
Plans & blueprints — 108,PLAN: Armadyl Flag 04,https://dragonwilds.runescape.wiki/w/PLAN%3A_Armadyl_Flag_04,unknown — please say how you got it,,,,,,,,,,,,,,,,,,,,,,,,,,,,,,,,,,,
Plans & blueprints — 108,PLAN: Armadyl Flag 05,https://dragonwilds.runescape.wiki/w/PLAN%3A_Armadyl_Flag_05,unknown — please say how you got it,,,,,,,,,,,,,,,,,,,,,,,,,,,,,,,,,,,
Plans & blueprints — 108,PLAN: Armadyl Flag 06,https://dragonwilds.runescape.wiki/w/PLAN%3A_Armadyl_Flag_06,unknown — please say how you got it,,,,,,,,,,,,,,,,,,,,,,,,,,,,,,,,,,,
Plans & blueprints — 108,PLAN: Bandos Banner 01,https://dragonwilds.runescape.wiki/w/PLAN%3A_Bandos_Banner_01,unknown — please say how you got it,,,,,,,,,,,,,,,,,,,,,,,,,,,,,,,,,,,
Plans & blueprints — 108,PLAN: Bandos Banner 02,https://dragonwilds.runescape.wiki/w/PLAN%3A_Bandos_Banner_02,unknown — please say how you got it,,,,,,,,,,,,,,,,,,,,,,,,,,,,,,,,,,,
Plans & blueprints — 108,PLAN: Bandos Banner 03,https://dragonwilds.runescape.wiki/w/PLAN%3A_Bandos_Banner_03,unknown — please say how you got it,,,,,,,,,,,,,,,,,,,,,,,,,,,,,,,,,,,
Plans & blueprints — 108,PLAN: Bandos Flag 01,https://dragonwilds.runescape.wiki/w/PLAN%3A_Bandos_Flag_01,unknown — please say how you got it,,,,,,,,,,,,,,,,,,,,,,,,,,,,,,,,,,,
Plans & blueprints — 108,PLAN: Bandos Flag 02,https://dragonwilds.runescape.wiki/w/PLAN%3A_Bandos_Flag_02,unknown — please say how you got it,,,,,,,,,,,,,,,,,,,,,,,,,,,,,,,,,,,
Plans & blueprints — 108,PLAN: Bandos Flag 03,https://dragonwilds.runescape.wiki/w/PLAN%3A_Bandos_Flag_03,unknown — please say how you got it,,,,,,,,,,,,,,,,,,,,,,,,,,,,,,,,,,,
Plans & blueprints — 108,PLAN: Bandos Flag 04,https://dragonwilds.runescape.wiki/w/PLAN%3A_Bandos_Flag_04,unknown — please say how you got it,,,,,,,,,,,,,,,,,,,,,,,,,,,,,,,,,,,
Plans & blueprints — 108,PLAN: Bandos Flag 05,https://dragonwilds.runescape.wiki/w/PLAN%3A_Bandos_Flag_05,unknown — please say how you got it,,,,,,,,,,,,,,,,,,,,,,,,,,,,,,,,,,,
Plans & blueprints — 108,PLAN: Bandos Flag 06,https://dragonwilds.runescape.wiki/w/PLAN%3A_Bandos_Flag_06,unknown — please say how you got it,,,,,,,,,,,,,,,,,,,,,,,,,,,,,,,,,,,
Plans & blueprints — 108,PLAN: Barrel Pile,https://dragonwilds.runescape.wiki/w/PLAN%3A_Barrel_Pile,unknown — please say how you got it,,,,,,,,,,,,,,,,,,,,,,,,,,,,,,,,,,,
Plans & blueprints — 108,PLAN: Blue Wall-Mounted Torch,https://dragonwilds.runescape.wiki/w/PLAN%3A_Blue_Wall-Mounted_Torch,unknown — please say how you got it,,,,,,,,,,,,,,,,,,,,,,,,,,,,,,,,,,,
Plans & blueprints — 108,PLAN: Bowl of Onions,https://dragonwilds.runescape.wiki/w/PLAN%3A_Bowl_of_Onions,unknown — please say how you got it,,,,,,,,,,,,,,,,,,,,,,,,,,,,,,,,,,,
Plans & blueprints — 108,PLAN: Bowl of Peaches,https://dragonwilds.runescape.wiki/w/PLAN%3A_Bowl_of_Peaches,unknown — please say how you got it,,,,,,,,,,,,,,,,,,,,,,,,,,,,,,,,,,,
Plans & blueprints — 108,PLAN: Broken Wooden Crate,https://dragonwilds.runescape.wiki/w/PLAN%3A_Broken_Wooden_Crate,unknown — please say how you got it,,,,,,,,,,,,,,,,,,,,,,,,,,,,,,,,,,,
Plans & blueprints — 108,PLAN: Dragonkin Gargoyle 01,https://dragonwilds.runescape.wiki/w/PLAN%3A_Dragonkin_Gargoyle_01,unknown — please say how you got it,,,,,,,,,,,,,,,,,,,,,,,,,,,,,,,,,,,
Plans & blueprints — 108,PLAN: Dragonkin Gargoyle 02,https://dragonwilds.runescape.wiki/w/PLAN%3A_Dragonkin_Gargoyle_02,unknown — please say how you got it,,,,,,,,,,,,,,,,,,,,,,,,,,,,,,,,,,,
Plans & blueprints — 108,PLAN: Dragonkin Gargoyle 03,https://dragonwilds.runescape.wiki/w/PLAN%3A_Dragonkin_Gargoyle_03,unknown — please say how you got it,,,,,,,,,,,,,,,,,,,,,,,,,,,,,,,,,,,
Plans & blueprints — 108,PLAN: Dragonkin Obelisk 01,https://dragonwilds.runescape.wiki/w/PLAN%3A_Dragonkin_Obelisk_01,unknown — please say how you got it,,,,,,,,,,,,,,,,,,,,,,,,,,,,,,,,,,,
Plans & blueprints — 108,PLAN: Dragonkin Obelisk 02,https://dragonwilds.runescape.wiki/w/PLAN%3A_Dragonkin_Obelisk_02,unknown — please say how you got it,,,,,,,,,,,,,,,,,,,,,,,,,,,,,,,,,,,
Plans & blueprints — 108,PLAN: Dragonkin Obelisk 03,https://dragonwilds.runescape.wiki/w/PLAN%3A_Dragonkin_Obelisk_03,unknown — please say how you got it,,,,,,,,,,,,,,,,,,,,,,,,,,,,,,,,,,,
Plans & blueprints — 108,PLAN: Dragonkin Statue 01,https://dragonwilds.runescape.wiki/w/PLAN%3A_Dragonkin_Statue_01,unknown — please say how you got it,,,,,,,,,,,,,,,,,,,,,,,,,,,,,,,,,,,
Plans & blueprints — 108,PLAN: Dragonkin Statue 02,https://dragonwilds.runescape.wiki/w/PLAN%3A_Dragonkin_Statue_02,unknown — please say how you got it,,,,,,,,,,,,,,,,,,,,,,,,,,,,,,,,,,,
Plans & blueprints — 108,PLAN: Garou Drum,https://dragonwilds.runescape.wiki/w/PLAN%3A_Garou_Drum,unknown — please say how you got it,,,,,,,,,,,,,,,,,,,,,,,,,,,,,,,,,,,
Plans & blueprints — 108,PLAN: Garou Hanging Ornament 01,https://dragonwilds.runescape.wiki/w/PLAN%3A_Garou_Hanging_Ornament_01,unknown — please say how you got it,,,,,,,,,,,,,,,,,,,,,,,,,,,,,,,,,,,
Plans & blueprints — 108,PLAN: Garou Hanging Ornament 02,https://dragonwilds.runescape.wiki/w/PLAN%3A_Garou_Hanging_Ornament_02,unknown — please say how you got it,,,,,,,,,,,,,,,,,,,,,,,,,,,,,,,,,,,
Plans & blueprints — 108,PLAN: Garou Hanging Ornament 03,https://dragonwilds.runescape.wiki/w/PLAN%3A_Garou_Hanging_Ornament_03,unknown — please say how you got it,,,,,,,,,,,,,,,,,,,,,,,,,,,,,,,,,,,
Plans & blueprints — 108,PLAN: Garou Hanging Ornament 04,https://dragonwilds.runescape.wiki/w/PLAN%3A_Garou_Hanging_Ornament_04,unknown — please say how you got it,,,,,,,,,,,,,,,,,,,,,,,,,,,,,,,,,,,
Plans & blueprints — 108,PLAN: Garou Hanging Pelt,https://dragonwilds.runescape.wiki/w/PLAN%3A_Garou_Hanging_Pelt,unknown — please say how you got it,,,,,,,,,,,,,,,,,,,,,,,,,,,,,,,,,,,
Plans & blueprints — 108,PLAN: Garou Stool,https://dragonwilds.runescape.wiki/w/PLAN%3A_Garou_Stool,unknown — please say how you got it,,,,,,,,,,,,,,,,,,,,,,,,,,,,,,,,,,,
Plans & blueprints — 108,PLAN: Garou Trophy 01,https://dragonwilds.runescape.wiki/w/PLAN%3A_Garou_Trophy_01,unknown — please say how you got it,,,,,,,,,,,,,,,,,,,,,,,,,,,,,,,,,,,
Plans & blueprints — 108,PLAN: Garou Trophy 02,https://dragonwilds.runescape.wiki/w/PLAN%3A_Garou_Trophy_02,unknown — please say how you got it,,,,,,,,,,,,,,,,,,,,,,,,,,,,,,,,,,,
Plans & blueprints — 108,PLAN: Garou Trophy 03,https://dragonwilds.runescape.wiki/w/PLAN%3A_Garou_Trophy_03,unknown — please say how you got it,,,,,,,,,,,,,,,,,,,,,,,,,,,,,,,,,,,
Plans & blueprints — 108,PLAN: Garou Trophy 04,https://dragonwilds.runescape.wiki/w/PLAN%3A_Garou_Trophy_04,unknown — please say how you got it,,,,,,,,,,,,,,,,,,,,,,,,,,,,,,,,,,,
Plans & blueprints — 108,PLAN: Garou Tusks 01,https://dragonwilds.runescape.wiki/w/PLAN%3A_Garou_Tusks_01,unknown — please say how you got it,,,,,,,,,,,,,,,,,,,,,,,,,,,,,,,,,,,
Plans & blueprints — 108,PLAN: Garou Tusks 02,https://dragonwilds.runescape.wiki/w/PLAN%3A_Garou_Tusks_02,unknown — please say how you got it,,,,,,,,,,,,,,,,,,,,,,,,,,,,,,,,,,,
Plans & blueprints — 108,PLAN: Garou Tusks 03,https://dragonwilds.runescape.wiki/w/PLAN%3A_Garou_Tusks_03,unknown — please say how you got it,,,,,,,,,,,,,,,,,,,,,,,,,,,,,,,,,,,
Plans & blueprints — 108,PLAN: Garou Wall Banner,https://dragonwilds.runescape.wiki/w/PLAN%3A_Garou_Wall_Banner,unknown — please say how you got it,,,,,,,,,,,,,,,,,,,,,,,,,,,,,,,,,,,
Plans & blueprints — 108,PLAN: Grave 1,https://dragonwilds.runescape.wiki/w/PLAN%3A_Grave_1,unknown — please say how you got it,,,,,,,,,,,,,,,,,,,,,,,,,,,,,,,,,,,
Plans & blueprints — 108,PLAN: Grave 2,https://dragonwilds.runescape.wiki/w/PLAN%3A_Grave_2,unknown — please say how you got it,,,,,,,,,,,,,,,,,,,,,,,,,,,,,,,,,,,
Plans & blueprints — 108,PLAN: Grave 3,https://dragonwilds.runescape.wiki/w/PLAN%3A_Grave_3,unknown — please say how you got it,,,,,,,,,,,,,,,,,,,,,,,,,,,,,,,,,,,
Plans & blueprints — 108,PLAN: Grave 4,https://dragonwilds.runescape.wiki/w/PLAN%3A_Grave_4,unknown — please say how you got it,,,,,,,,,,,,,,,,,,,,,,,,,,,,,,,,,,,
Plans & blueprints — 108,PLAN: Green Standing Torch,https://dragonwilds.runescape.wiki/w/PLAN%3A_Green_Standing_Torch,unknown — please say how you got it,,,,,,,,,,,,,,,,,,,,,,,,,,,,,,,,,,,
Plans & blueprints — 108,PLAN: Green Wall-Mounted Torch,https://dragonwilds.runescape.wiki/w/PLAN%3A_Green_Wall-Mounted_Torch,unknown — please say how you got it,,,,,,,,,,,,,,,,,,,,,,,,,,,,,,,,,,,
Plans & blueprints — 108,PLAN: Guthix Banner 01,https://dragonwilds.runescape.wiki/w/PLAN%3A_Guthix_Banner_01,unknown — please say how you got it,,,,,,,,,,,,,,,,,,,,,,,,,,,,,,,,,,,
Plans & blueprints — 108,PLAN: Guthix Banner 02,https://dragonwilds.runescape.wiki/w/PLAN%3A_Guthix_Banner_02,unknown — please say how you got it,,,,,,,,,,,,,,,,,,,,,,,,,,,,,,,,,,,
Plans & blueprints — 108,PLAN: Guthix Banner 03,https://dragonwilds.runescape.wiki/w/PLAN%3A_Guthix_Banner_03,unknown — please say how you got it,,,,,,,,,,,,,,,,,,,,,,,,,,,,,,,,,,,
Plans & blueprints — 108,PLAN: Guthix Flag 01,https://dragonwilds.runescape.wiki/w/PLAN%3A_Guthix_Flag_01,unknown — please say how you got it,,,,,,,,,,,,,,,,,,,,,,,,,,,,,,,,,,,
Plans & blueprints — 108,PLAN: Guthix Flag 02,https://dragonwilds.runescape.wiki/w/PLAN%3A_Guthix_Flag_02,unknown — please say how you got it,,,,,,,,,,,,,,,,,,,,,,,,,,,,,,,,,,,
Plans & blueprints — 108,PLAN: Guthix Flag 03,https://dragonwilds.runescape.wiki/w/PLAN%3A_Guthix_Flag_03,unknown — please say how you got it,,,,,,,,,,,,,,,,,,,,,,,,,,,,,,,,,,,
Plans & blueprints — 108,PLAN: Guthix Flag 04,https://dragonwilds.runescape.wiki/w/PLAN%3A_Guthix_Flag_04,unknown — please say how you got it,,,,,,,,,,,,,,,,,,,,,,,,,,,,,,,,,,,
Plans & blueprints — 108,PLAN: Guthix Flag 05,https://dragonwilds.runescape.wiki/w/PLAN%3A_Guthix_Flag_05,unknown — please say how you got it,,,,,,,,,,,,,,,,,,,,,,,,,,,,,,,,,,,
Plans & blueprints — 108,PLAN: Guthix Flag 06,https://dragonwilds.runescape.wiki/w/PLAN%3A_Guthix_Flag_06,unknown — please say how you got it,,,,,,,,,,,,,,,,,,,,,,,,,,,,,,,,,,,
Plans & blueprints — 108,PLAN: Keg Barrel,https://dragonwilds.runescape.wiki/w/PLAN%3A_Keg_Barrel,unknown — please say how you got it,,,,,,,,,,,,,,,,,,,,,,,,,,,,,,,,,,,
Plans & blueprints — 108,PLAN: Moon Garou Bed,https://dragonwilds.runescape.wiki/w/PLAN%3A_Moon_Garou_Bed,unknown — please say how you got it,,,,,,,,,,,,,,,,,,,,,,,,,,,,,,,,,,,
Plans & blueprints — 108,PLAN: Moon Garou Chair 01,—,unknown — please say how you got it,,,,,,,,,,,,,,,,,,,,,,,,,,,,,,,,,,,
Plans & blueprints — 108,PLAN: Moon Garou Chair 02,—,unknown — please say how you got it,,,,,,,,,,,,,,,,,,,,,,,,,,,,,,,,,,,
Plans & blueprints — 108,PLAN: Open Wooden Barrel,https://dragonwilds.runescape.wiki/w/PLAN%3A_Open_Wooden_Barrel,unknown — please say how you got it,,,,,,,,,,,,,,,,,,,,,,,,,,,,,,,,,,,
Plans & blueprints — 108,PLAN: Potted Dwellberry Bush,https://dragonwilds.runescape.wiki/w/PLAN%3A_Potted_Dwellberry_Bush,unknown — please say how you got it,,,,,,,,,,,,,,,,,,,,,,,,,,,,,,,,,,,
Plans & blueprints — 108,PLAN: Potted Onion,https://dragonwilds.runescape.wiki/w/PLAN%3A_Potted_Onion,unknown — please say how you got it,,,,,,,,,,,,,,,,,,,,,,,,,,,,,,,,,,,
Plans & blueprints — 108,PLAN: Potted Redberry Bush,https://dragonwilds.runescape.wiki/w/PLAN%3A_Potted_Redberry_Bush,unknown — please say how you got it,,,,,,,,,,,,,,,,,,,,,,,,,,,,,,,,,,,
Plans & blueprints — 108,PLAN: Purple Standing Torch,https://dragonwilds.runescape.wiki/w/PLAN%3A_Purple_Standing_Torch,unknown — please say how you got it,,,,,,,,,,,,,,,,,,,,,,,,,,,,,,,,,,,
Plans & blueprints — 108,PLAN: Purple Wall-Mounted Torch,https://dragonwilds.runescape.wiki/w/PLAN%3A_Purple_Wall-Mounted_Torch,unknown — please say how you got it,,,,,,,,,,,,,,,,,,,,,,,,,,,,,,,,,,,
Plans & blueprints — 108,PLAN: Red Standing Torch,https://dragonwilds.runescape.wiki/w/PLAN%3A_Red_Standing_Torch,unknown — please say how you got it,,,,,,,,,,,,,,,,,,,,,,,,,,,,,,,,,,,
Plans & blueprints — 108,PLAN: Red Wall-Mounted Torch,https://dragonwilds.runescape.wiki/w/PLAN%3A_Red_Wall-Mounted_Torch,unknown — please say how you got it,,,,,,,,,,,,,,,,,,,,,,,,,,,,,,,,,,,
Plans & blueprints — 108,PLAN: Saradomin Banner 01,https://dragonwilds.runescape.wiki/w/PLAN%3A_Saradomin_Banner_01,unknown — please say how you got it,,,,,,,,,,,,,,,,,,,,,,,,,,,,,,,,,,,
Plans & blueprints — 108,PLAN: Saradomin Banner 02,https://dragonwilds.runescape.wiki/w/PLAN%3A_Saradomin_Banner_02,unknown — please say how you got it,,,,,,,,,,,,,,,,,,,,,,,,,,,,,,,,,,,
Plans & blueprints — 108,PLAN: Saradomin Banner 03,https://dragonwilds.runescape.wiki/w/PLAN%3A_Saradomin_Banner_03,unknown — please say how you got it,,,,,,,,,,,,,,,,,,,,,,,,,,,,,,,,,,,
Plans & blueprints — 108,PLAN: Saradomin Flag 01,https://dragonwilds.runescape.wiki/w/PLAN%3A_Saradomin_Flag_01,unknown — please say how you got it,,,,,,,,,,,,,,,,,,,,,,,,,,,,,,,,,,,
Plans & blueprints — 108,PLAN: Saradomin Flag 02,https://dragonwilds.runescape.wiki/w/PLAN%3A_Saradomin_Flag_02,unknown — please say how you got it,,,,,,,,,,,,,,,,,,,,,,,,,,,,,,,,,,,
Plans & blueprints — 108,PLAN: Saradomin Flag 03,https://dragonwilds.runescape.wiki/w/PLAN%3A_Saradomin_Flag_03,unknown — please say how you got it,,,,,,,,,,,,,,,,,,,,,,,,,,,,,,,,,,,
Plans & blueprints — 108,PLAN: Saradomin Flag 04,https://dragonwilds.runescape.wiki/w/PLAN%3A_Saradomin_Flag_04,unknown — please say how you got it,,,,,,,,,,,,,,,,,,,,,,,,,,,,,,,,,,,
Plans & blueprints — 108,PLAN: Saradomin Flag 05,https://dragonwilds.runescape.wiki/w/PLAN%3A_Saradomin_Flag_05,unknown — please say how you got it,,,,,,,,,,,,,,,,,,,,,,,,,,,,,,,,,,,
Plans & blueprints — 108,PLAN: Saradomin Flag 06,https://dragonwilds.runescape.wiki/w/PLAN%3A_Saradomin_Flag_06,unknown — please say how you got it,,,,,,,,,,,,,,,,,,,,,,,,,,,,,,,,,,,
Plans & blueprints — 108,PLAN: Sealed Wooden Crate,https://dragonwilds.runescape.wiki/w/PLAN%3A_Sealed_Wooden_Crate,unknown — please say how you got it,,,,,,,,,,,,,,,,,,,,,,,,,,,,,,,,,,,
Plans & blueprints — 108,PLAN: Spectral Book,https://dragonwilds.runescape.wiki/w/PLAN%3A_Spectral_Book,unknown — please say how you got it,,,,,,,,,,,,,,,,,,,,,,,,,,,,,,,,,,,
Plans & blueprints — 108,PLAN: Stack of Bowls,https://dragonwilds.runescape.wiki/w/PLAN%3A_Stack_of_Bowls,unknown — please say how you got it,,,,,,,,,,,,,,,,,,,,,,,,,,,,,,,,,,,
Plans & blueprints — 108,PLAN: Stacked Wooden Crates,https://dragonwilds.runescape.wiki/w/PLAN%3A_Stacked_Wooden_Crates,unknown — please say how you got it,,,,,,,,,,,,,,,,,,,,,,,,,,,,,,,,,,,
Plans & blueprints — 108,PLAN: Textile Kit,https://dragonwilds.runescape.wiki/w/PLAN%3A_Textile_Kit,unknown — please say how you got it,,,,,,,,,,,,,,,,,,,,,,,,,,,,,,,,,,,
Plans & blueprints — 108,PLAN: Vial Shelf,https://dragonwilds.runescape.wiki/w/PLAN%3A_Vial_Shelf,unknown — please say how you got it,,,,,,,,,,,,,,,,,,,,,,,,,,,,,,,,,,,
Plans & blueprints — 108,PLAN: Wooden Barrel,https://dragonwilds.runescape.wiki/w/PLAN%3A_Wooden_Barrel,unknown — please say how you got it,,,,,,,,,,,,,,,,,,,,,,,,,,,,,,,,,,,
Plans & blueprints — 108,PLAN: Wooden Bin,https://dragonwilds.runescape.wiki/w/PLAN%3A_Wooden_Bin,unknown — please say how you got it,,,,,,,,,,,,,,,,,,,,,,,,,,,,,,,,,,,
Plans & blueprints — 108,PLAN: Wooden Bin Pile,https://dragonwilds.runescape.wiki/w/PLAN%3A_Wooden_Bin_Pile,unknown — please say how you got it,,,,,,,,,,,,,,,,,,,,,,,,,,,,,,,,,,,
Plans & blueprints — 108,PLAN: Zamorak Banner 01,https://dragonwilds.runescape.wiki/w/PLAN%3A_Zamorak_Banner_01,unknown — please say how you got it,,,,,,,,,,,,,,,,,,,,,,,,,,,,,,,,,,,
Plans & blueprints — 108,PLAN: Zamorak Banner 02,https://dragonwilds.runescape.wiki/w/PLAN%3A_Zamorak_Banner_02,unknown — please say how you got it,,,,,,,,,,,,,,,,,,,,,,,,,,,,,,,,,,,
Plans & blueprints — 108,PLAN: Zamorak Banner 03,https://dragonwilds.runescape.wiki/w/PLAN%3A_Zamorak_Banner_03,unknown — please say how you got it,,,,,,,,,,,,,,,,,,,,,,,,,,,,,,,,,,,
Plans & blueprints — 108,PLAN: Zamorak Flag 01,https://dragonwilds.runescape.wiki/w/PLAN%3A_Zamorak_Flag_01,unknown — please say how you got it,,,,,,,,,,,,,,,,,,,,,,,,,,,,,,,,,,,
Plans & blueprints — 108,PLAN: Zamorak Flag 02,https://dragonwilds.runescape.wiki/w/PLAN%3A_Zamorak_Flag_02,unknown — please say how you got it,,,,,,,,,,,,,,,,,,,,,,,,,,,,,,,,,,,
Plans & blueprints — 108,PLAN: Zamorak Flag 03,https://dragonwilds.runescape.wiki/w/PLAN%3A_Zamorak_Flag_03,unknown — please say how you got it,,,,,,,,,,,,,,,,,,,,,,,,,,,,,,,,,,,
Plans & blueprints — 108,PLAN: Zamorak Flag 04,https://dragonwilds.runescape.wiki/w/PLAN%3A_Zamorak_Flag_04,unknown — please say how you got it,,,,,,,,,,,,,,,,,,,,,,,,,,,,,,,,,,,
Plans & blueprints — 108,PLAN: Zamorak Flag 05,https://dragonwilds.runescape.wiki/w/PLAN%3A_Zamorak_Flag_05,unknown — please say how you got it,,,,,,,,,,,,,,,,,,,,,,,,,,,,,,,,,,,
Plans & blueprints — 108,PLAN: Zamorak Flag 06,https://dragonwilds.runescape.wiki/w/PLAN%3A_Zamorak_Flag_06,unknown — please say how you got it,,,,,,,,,,,,,,,,,,,,,,,,,,,,,,,,,,,
Quest & reward items — 46,Smouldering Draconic Visage,https://dragonwilds.runescape.wiki/w/Smouldering_Draconic_Visage,unknown — please say how you got it,,,,,,,,,,,,,,,,,,,,,,,,,,,,,,,,,,,
Quest & reward items — 46,Undead Draconic Visage,https://dragonwilds.runescape.wiki/w/Undead_Draconic_Visage,unknown — please say how you got it,,,,,,,,,,,,,,,,,,,,,,,,,,,,,,,,,,,
Quest & reward items — 46,Advert-Inna-Bottle,https://dragonwilds.runescape.wiki/w/Advert-Inna-Bottle,unknown — please say how you got it,,,,,,,,,,,,,,,,,,,,,,,,,,,,,,,,,,,
Quest & reward items — 46,"Aetheric Fundamentals, a Primordial Primer",https://dragonwilds.runescape.wiki/w/Aetheric_Fundamentals%2C_a_Primordial_Primer,unknown — please say how you got it,,,,,,,,,,,,,,,,,,,,,,,,,,,,,,,,,,,
Quest & reward items — 46,Bedraggled Spellbook,https://dragonwilds.runescape.wiki/w/Bedraggled_Spellbook,unknown — please say how you got it,,,,,,,,,,,,,,,,,,,,,,,,,,,,,,,,,,,
Quest & reward items — 46,Black Knight Fortress Reward Pack,https://dragonwilds.runescape.wiki/w/Black_Knight_Fortress_Reward_Pack,unknown — please say how you got it,,,,,,,,,,,,,,,,,,,,,,,,,,,,,,,,,,,
Quest & reward items — 46,Bucket of Milk,https://dragonwilds.runescape.wiki/w/Bucket_of_Milk,unknown — please say how you got it,,,,,,,,,,,,,,,,,,,,,,,,,,,,,,,,,,,
Quest & reward items — 46,Crystal Seed,https://dragonwilds.runescape.wiki/w/Crystal_Seed,unknown — please say how you got it,,,,,,,,,,,,,,,,,,,,,,,,,,,,,,,,,,,
Quest & reward items — 46,Dragon Slayer Reward Pack,https://dragonwilds.runescape.wiki/w/Dragon_Slayer_Reward_Pack,unknown — please say how you got it,,,,,,,,,,,,,,,,,,,,,,,,,,,,,,,,,,,
Quest & reward items — 46,Druid's Bandosian Amulet,https://dragonwilds.runescape.wiki/w/Druid's_Bandosian_Amulet,unknown — please say how you got it,,,,,,,,,,,,,,,,,,,,,,,,,,,,,,,,,,,
Quest & reward items — 46,Eventide - A New Spawn,https://dragonwilds.runescape.wiki/w/Eventide_-_A_New_Spawn,unknown — please say how you got it,,,,,,,,,,,,,,,,,,,,,,,,,,,,,,,,,,,
Quest & reward items — 46,Fuzan's Head,https://dragonwilds.runescape.wiki/w/Fuzan's_Head,unknown — please say how you got it,,,,,,,,,,,,,,,,,,,,,,,,,,,,,,,,,,,
Quest & reward items — 46,Garou Arms,https://dragonwilds.runescape.wiki/w/Garou_Arms,unknown — please say how you got it,,,,,,,,,,,,,,,,,,,,,,,,,,,,,,,,,,,
Quest & reward items — 46,Glass Owl,https://dragonwilds.runescape.wiki/w/Glass_Owl,unknown — please say how you got it,,,,,,,,,,,,,,,,,,,,,,,,,,,,,,,,,,,
Quest & reward items — 46,Goblin Legs,https://dragonwilds.runescape.wiki/w/Goblin_Legs,unknown — please say how you got it,,,,,,,,,,,,,,,,,,,,,,,,,,,,,,,,,,,
Quest & reward items — 46,Human Torso,https://dragonwilds.runescape.wiki/w/Human_Torso,unknown — please say how you got it,,,,,,,,,,,,,,,,,,,,,,,,,,,,,,,,,,,
Quest & reward items — 46,Icthlarin's Little Helper Reward Pack,https://dragonwilds.runescape.wiki/w/Icthlarin's_Little_Helper_Reward_Pack,unknown — please say how you got it,,,,,,,,,,,,,,,,,,,,,,,,,,,,,,,,,,,
Quest & reward items — 46,Imaru's Head,https://dragonwilds.runescape.wiki/w/Imaru's_Head,unknown — please say how you got it,,,,,,,,,,,,,,,,,,,,,,,,,,,,,,,,,,,
Quest & reward items — 46,Kuldra's Head,https://dragonwilds.runescape.wiki/w/Kuldra's_Head,unknown — please say how you got it,,,,,,,,,,,,,,,,,,,,,,,,,,,,,,,,,,,
Quest & reward items — 46,Lougrim's Staff,https://dragonwilds.runescape.wiki/w/Lougrim's_Staff,unknown — please say how you got it,,,,,,,,,,,,,,,,,,,,,,,,,,,,,,,,,,,
Quest & reward items — 46,Magnet,https://dragonwilds.runescape.wiki/w/Magnet,unknown — please say how you got it,,,,,,,,,,,,,,,,,,,,,,,,,,,,,,,,,,,
Quest & reward items — 46,Moonstone,https://dragonwilds.runescape.wiki/w/Moonstone,unknown — please say how you got it,,,,,,,,,,,,,,,,,,,,,,,,,,,,,,,,,,,
Quest & reward items — 46,Mysterious Orb (Charged),https://dragonwilds.runescape.wiki/w/Mysterious_Orb_(Charged,unknown — please say how you got it,,,,,,,,,,,,,,,,,,,,,,,,,,,,,,,,,,,
Quest & reward items — 46,Mysterious Orb (Uncharged),https://dragonwilds.runescape.wiki/w/Mysterious_Orb_(Uncharged,unknown — please say how you got it,,,,,,,,,,,,,,,,,,,,,,,,,,,,,,,,,,,
Quest & reward items — 46,Queenslayer's Reward Pack,https://dragonwilds.runescape.wiki/w/Queenslayer's_Reward_Pack,unknown — please say how you got it,,,,,,,,,,,,,,,,,,,,,,,,,,,,,,,,,,,
Quest & reward items — 46,Regicide Reward Pack,https://dragonwilds.runescape.wiki/w/Regicide_Reward_Pack,unknown — please say how you got it,,,,,,,,,,,,,,,,,,,,,,,,,,,,,,,,,,,
Quest & reward items — 46,Reward Pack: Brynmoor Bronze,https://dragonwilds.runescape.wiki/w/Reward_Pack%3A_Brynmoor_Bronze,unknown — please say how you got it,,,,,,,,,,,,,,,,,,,,,,,,,,,,,,,,,,,
Quest & reward items — 46,Reward Pack: Brynmoor Gold,https://dragonwilds.runescape.wiki/w/Reward_Pack%3A_Brynmoor_Gold,unknown — please say how you got it,,,,,,,,,,,,,,,,,,,,,,,,,,,,,,,,,,,
Quest & reward items — 46,Reward Pack: Brynmoor Silver,https://dragonwilds.runescape.wiki/w/Reward_Pack%3A_Brynmoor_Silver,unknown — please say how you got it,,,,,,,,,,,,,,,,,,,,,,,,,,,,,,,,,,,
Quest & reward items — 46,Reward Pack: Dowdun Reach Bronze,https://dragonwilds.runescape.wiki/w/Reward_Pack%3A_Dowdun_Reach_Bronze,unknown — please say how you got it,,,,,,,,,,,,,,,,,,,,,,,,,,,,,,,,,,,
Quest & reward items — 46,Reward Pack: Dowdun Reach Gold,https://dragonwilds.runescape.wiki/w/Reward_Pack%3A_Dowdun_Reach_Gold,unknown — please say how you got it,,,,,,,,,,,,,,,,,,,,,,,,,,,,,,,,,,,
Quest & reward items — 46,Reward Pack: Dowdun Reach Silver,https://dragonwilds.runescape.wiki/w/Reward_Pack%3A_Dowdun_Reach_Silver,unknown — please say how you got it,,,,,,,,,,,,,,,,,,,,,,,,,,,,,,,,,,,
Quest & reward items — 46,Reward Pack: Fellhollow Bronze,https://dragonwilds.runescape.wiki/w/Reward_Pack%3A_Fellhollow_Bronze,unknown — please say how you got it,,,,,,,,,,,,,,,,,,,,,,,,,,,,,,,,,,,
Quest & reward items — 46,Reward Pack: Fellhollow Gold,https://dragonwilds.runescape.wiki/w/Reward_Pack%3A_Fellhollow_Gold,unknown — please say how you got it,,,,,,,,,,,,,,,,,,,,,,,,,,,,,,,,,,,
Quest & reward items — 46,Reward Pack: Fellhollow Silver,https://dragonwilds.runescape.wiki/w/Reward_Pack%3A_Fellhollow_Silver,unknown — please say how you got it,,,,,,,,,,,,,,,,,,,,,,,,,,,,,,,,,,,
Quest & reward items — 46,Reward Pack: Umbral Sands Bronze,https://dragonwilds.runescape.wiki/w/Reward_Pack%3A_Umbral_Sands_Bronze,unknown — please say how you got it,,,,,,,,,,,,,,,,,,,,,,,,,,,,,,,,,,,
Quest & reward items — 46,Reward Pack: Umbral Sands Gold,https://dragonwilds.runescape.wiki/w/Reward_Pack%3A_Umbral_Sands_Gold,unknown — please say how you got it,,,,,,,,,,,,,,,,,,,,,,,,,,,,,,,,,,,
Quest & reward items — 46,Reward Pack: Umbral Sands Silver,https://dragonwilds.runescape.wiki/w/Reward_Pack%3A_Umbral_Sands_Silver,unknown — please say how you got it,,,,,,,,,,,,,,,,,,,,,,,,,,,,,,,,,,,
Quest & reward items — 46,Salve Crystal,https://dragonwilds.runescape.wiki/w/Salve_Crystal,unknown — please say how you got it,,,,,,,,,,,,,,,,,,,,,,,,,,,,,,,,,,,
Quest & reward items — 46,The Binding of Ib,https://dragonwilds.runescape.wiki/w/The_Binding_of_Ib,unknown — please say how you got it,,,,,,,,,,,,,,,,,,,,,,,,,,,,,,,,,,,
Quest & reward items — 46,The Importance of Chaos,https://dragonwilds.runescape.wiki/w/The_Importance_of_Chaos,unknown — please say how you got it,,,,,,,,,,,,,,,,,,,,,,,,,,,,,,,,,,,
Quest & reward items — 46,The Pride of the Avernic,https://dragonwilds.runescape.wiki/w/The_Pride_of_the_Avernic,unknown — please say how you got it,,,,,,,,,,,,,,,,,,,,,,,,,,,,,,,,,,,
Quest & reward items — 46,The Radiant's Heart,https://dragonwilds.runescape.wiki/w/The_Radiant's_Heart,unknown — please say how you got it,,,,,,,,,,,,,,,,,,,,,,,,,,,,,,,,,,,
Quest & reward items — 46,Undead Chicken,https://dragonwilds.runescape.wiki/w/Undead_Chicken,unknown — please say how you got it,,,,,,,,,,,,,,,,,,,,,,,,,,,,,,,,,,,
Quest & reward items — 46,Velgar's Head,https://dragonwilds.runescape.wiki/w/Velgar's_Head,unknown — please say how you got it,,,,,,,,,,,,,,,,,,,,,,,,,,,,,,,,,,,
Quest & reward items — 46,Withering Heights Reward Pack,https://dragonwilds.runescape.wiki/w/Withering_Heights_Reward_Pack,unknown — please say how you got it,,,,,,,,,,,,,,,,,,,,,,,,,,,,,,,,,,,
Unclassified — 18,Dihydrogen Monoxide,https://dragonwilds.runescape.wiki/w/Dihydrogen_Monoxide,unknown — please say how you got it,,,,,,,,,,,,,,,,,,,,,,,,,,,,,,,,,,,
Unclassified — 18,Air,—,unknown — please say how you got it,,,,,,,,,,,,,,,,,,,,,,,,,,,,,,,,,,,
Unclassified — 18,Astral,—,unknown — please say how you got it,,,,,,,,,,,,,,,,,,,,,,,,,,,,,,,,,,,
Unclassified — 18,Blacksmith Bench,—,unknown — please say how you got it,,,,,,,,,,,,,,,,,,,,,,,,,,,,,,,,,,,
Unclassified — 18,Clay Slab,https://dragonwilds.runescape.wiki/w/Clay_Slab,unknown — please say how you got it,,,,,,,,,,,,,,,,,,,,,,,,,,,,,,,,,,,
Unclassified — 18,Clay Slab (Unfired),https://dragonwilds.runescape.wiki/w/Clay_Slab_(Unfired,unknown — please say how you got it,,,,,,,,,,,,,,,,,,,,,,,,,,,,,,,,,,,
Unclassified — 18,Earth,—,unknown — please say how you got it,,,,,,,,,,,,,,,,,,,,,,,,,,,,,,,,,,,
Unclassified — 18,Edna,—,unknown — please say how you got it,,,,,,,,,,,,,,,,,,,,,,,,,,,,,,,,,,,
Unclassified — 18,Fire,—,unknown — please say how you got it,,,,,,,,,,,,,,,,,,,,,,,,,,,,,,,,,,,
Unclassified — 18,Fletching Table,—,unknown — please say how you got it,,,,,,,,,,,,,,,,,,,,,,,,,,,,,,,,,,,
Unclassified — 18,Large Wardstone,https://dragonwilds.runescape.wiki/w/Large_Wardstone,unknown — please say how you got it,,,,,,,,,,,,,,,,,,,,,,,,,,,,,,,,,,,
Unclassified — 18,Law,—,unknown — please say how you got it,,,,,,,,,,,,,,,,,,,,,,,,,,,,,,,,,,,
Unclassified — 18,Lightning-in-a-bottle,https://dragonwilds.runescape.wiki/w/Lightning-in-a-bottle,unknown — please say how you got it,,,,,,,,,,,,,,,,,,,,,,,,,,,,,,,,,,,
Unclassified — 18,Lougrim's Shrine,—,unknown — please say how you got it,,,,,,,,,,,,,,,,,,,,,,,,,,,,,,,,,,,
Unclassified — 18,Medium Wardstone,https://dragonwilds.runescape.wiki/w/Medium_Wardstone,unknown — please say how you got it,,,,,,,,,,,,,,,,,,,,,,,,,,,,,,,,,,,
Unclassified — 18,Nature,—,unknown — please say how you got it,,,,,,,,,,,,,,,,,,,,,,,,,,,,,,,,,,,
Unclassified — 18,Saradomin Symbol,https://dragonwilds.runescape.wiki/w/Saradomin_Symbol,unknown — please say how you got it,,,,,,,,,,,,,,,,,,,,,,,,,,,,,,,,,,,
Unclassified — 18,Water,—,unknown — please say how you got it,,,,,,,,,,,,,,,,,,,,,,,,,,,,,,,,,,,
